mean_fit_time,std_fit_time,mean_score_time,std_score_time,param_model__activation,param_model__alpha,param_model__hidden_layer_sizes,param_model__learning_rate_init,params,split0_test_score,split1_test_score,split2_test_score,split3_test_score,split4_test_score,mean_test_score,std_test_score,rank_test_score,split0_train_score,split1_train_score,split2_train_score,split3_train_score,split4_train_score,mean_train_score,std_train_score,strategy
0.026322603225708008,0.003858556092744267,0.004182338714599609,0.0006099085764851915,relu,0.0001,"(32,)",0.001,"{'model__activation': 'relu', 'model__alpha': 0.0001, 'model__hidden_layer_sizes': (32,), 'model__learning_rate_init': 0.001}",0.5714285714285714,0.8571428571428571,0.5,0.5714285714285714,0.4,0.58,0.15215459377936394,34,0.6538461538461539,0.5490196078431373,0.5882352941176471,0.6538461538461539,0.6538461538461539,0.6197586726998492,0.04355136692857747,CloseSMA200_V2
0.025165271759033204,0.00416763129211319,0.004911565780639648,0.001164978714893914,relu,0.0001,"(32,)",0.01,"{'model__activation': 'relu', 'model__alpha': 0.0001, 'model__hidden_layer_sizes': (32,), 'model__learning_rate_init': 0.01}",0.6153846153846154,0.8571428571428571,0.625,0.7272727272727273,0.5454545454545454,0.6740509490509491,0.10838816707777779,25,0.68,0.8571428571428571,0.8571428571428571,0.7777777777777778,0.8461538461538461,0.8036434676434675,0.06853939398308055,CloseSMA200_V2
0.027801656723022462,0.005186150657087595,0.004163312911987305,0.001056396187374532,relu,0.0001,"(64,)",0.001,"{'model__activation': 'relu', 'model__alpha': 0.0001, 'model__hidden_layer_sizes': (64,), 'model__learning_rate_init': 0.001}",0.625,0.75,0.625,0.7777777777777778,0.625,0.6805555555555556,0.06860605019571372,19,0.65625,0.7761194029850746,0.65625,0.6129032258064516,0.6461538461538462,0.6695352949890745,0.05561843869210329,CloseSMA200_V2
0.023167991638183595,0.004173320898304927,0.003566884994506836,0.000726945599599803,relu,0.0001,"(64,)",0.01,"{'model__activation': 'relu', 'model__alpha': 0.0001, 'model__hidden_layer_sizes': (64,), 'model__learning_rate_init': 0.01}",0.8,0.75,0.7777777777777778,0.6666666666666666,0.7142857142857143,0.7417460317460318,0.04722482319100859,1,0.8,0.7761194029850746,0.7619047619047619,0.7796610169491526,0.9615384615384616,0.8158447286754902,0.07385743257530461,CloseSMA200_V2
0.039160633087158205,0.019212059123074488,0.004440402984619141,0.0013954079985178515,relu,0.0001,"(32, 16)",0.001,"{'model__activation': 'relu', 'model__alpha': 0.0001, 'model__hidden_layer_sizes': (32, 16), 'model__learning_rate_init': 0.001}",0.625,0.7058823529411765,0.7777777777777778,0.6666666666666666,0.7777777777777778,0.7106209150326797,0.06050695734984108,10,0.7536231884057971,0.7352941176470589,0.7352941176470589,0.746268656716418,0.696969696969697,0.733489955477206,0.019539096996757457,CloseSMA200_V2
0.036214017868041994,0.01664627686169991,0.0035509109497070313,0.00015295257797361464,relu,0.0001,"(32, 16)",0.01,"{'model__activation': 'relu', 'model__alpha': 0.0001, 'model__hidden_layer_sizes': (32, 16), 'model__learning_rate_init': 0.01}",0.6666666666666666,0.8571428571428571,0.625,0.6666666666666666,0.8571428571428571,0.7345238095238095,0.10126747770541303,4,0.7931034482758621,0.9259259259259259,0.8666666666666667,0.8301886792452831,0.8275862068965517,0.8486941854020579,0.0450912017939064,CloseSMA200_V2
0.021097564697265626,0.001018980172854242,0.0035216808319091797,0.00034274244272349815,relu,0.001,"(32,)",0.001,"{'model__activation': 'relu', 'model__alpha': 0.001, 'model__hidden_layer_sizes': (32,), 'model__learning_rate_init': 0.001}",0.5714285714285714,0.8571428571428571,0.5,0.5714285714285714,0.4,0.58,0.15215459377936394,34,0.6538461538461539,0.5490196078431373,0.5882352941176471,0.6538461538461539,0.6538461538461539,0.6197586726998492,0.04355136692857747,CloseSMA200_V2
0.025895071029663087,0.0034286510290490774,0.0037950992584228514,0.0003039441513080486,relu,0.001,"(32,)",0.01,"{'model__activation': 'relu', 'model__alpha': 0.001, 'model__hidden_layer_sizes': (32,), 'model__learning_rate_init': 0.01}",0.6153846153846154,0.8571428571428571,0.625,0.7272727272727273,0.5454545454545454,0.6740509490509491,0.10838816707777779,25,0.68,0.8571428571428571,0.8571428571428571,0.7777777777777778,0.8461538461538461,0.8036434676434675,0.06853939398308055,CloseSMA200_V2
0.029208803176879884,0.00784199215552181,0.004183483123779297,0.0009377896321847635,relu,0.001,"(64,)",0.001,"{'model__activation': 'relu', 'model__alpha': 0.001, 'model__hidden_layer_sizes': (64,), 'model__learning_rate_init': 0.001}",0.625,0.75,0.625,0.7777777777777778,0.625,0.6805555555555556,0.06860605019571372,19,0.65625,0.7761194029850746,0.65625,0.6129032258064516,0.6461538461538462,0.6695352949890745,0.05561843869210329,CloseSMA200_V2
0.03138966560363769,0.009502084469749658,0.0034723758697509767,6.745087038994252e-05,relu,0.001,"(64,)",0.01,"{'model__activation': 'relu', 'model__alpha': 0.001, 'model__hidden_layer_sizes': (64,), 'model__learning_rate_init': 0.01}",0.8,0.75,0.7777777777777778,0.6666666666666666,0.7142857142857143,0.7417460317460318,0.04722482319100859,1,0.8,0.7761194029850746,0.7619047619047619,0.7796610169491526,0.9615384615384616,0.8158447286754902,0.07385743257530461,CloseSMA200_V2
0.027214431762695314,0.004085595248987346,0.003758144378662109,0.0005970199531393643,relu,0.001,"(32, 16)",0.001,"{'model__activation': 'relu', 'model__alpha': 0.001, 'model__hidden_layer_sizes': (32, 16), 'model__learning_rate_init': 0.001}",0.625,0.7058823529411765,0.7777777777777778,0.6666666666666666,0.7777777777777778,0.7106209150326797,0.06050695734984108,10,0.7536231884057971,0.7352941176470589,0.7352941176470589,0.746268656716418,0.696969696969697,0.733489955477206,0.019539096996757457,CloseSMA200_V2
0.034229373931884764,0.008639240882329537,0.005937528610229492,0.0021178006974204096,relu,0.001,"(32, 16)",0.01,"{'model__activation': 'relu', 'model__alpha': 0.001, 'model__hidden_layer_sizes': (32, 16), 'model__learning_rate_init': 0.01}",0.6666666666666666,0.8571428571428571,0.625,0.6666666666666666,0.8571428571428571,0.7345238095238095,0.10126747770541303,4,0.7931034482758621,0.9259259259259259,0.847457627118644,0.8301886792452831,0.8275862068965517,0.8448523774924533,0.04420589089613285,CloseSMA200_V2
0.034142589569091795,0.011998894717503629,0.004851865768432617,0.002246988617273473,relu,0.01,"(32,)",0.001,"{'model__activation': 'relu', 'model__alpha': 0.01, 'model__hidden_layer_sizes': (32,), 'model__learning_rate_init': 0.001}",0.5714285714285714,0.8571428571428571,0.5,0.5714285714285714,0.4,0.58,0.15215459377936394,34,0.6538461538461539,0.5490196078431373,0.5882352941176471,0.6538461538461539,0.6538461538461539,0.6197586726998492,0.04355136692857747,CloseSMA200_V2
0.023358678817749022,0.002457234218771436,0.0037926197052001952,0.00044783081651369853,relu,0.01,"(32,)",0.01,"{'model__activation': 'relu', 'model__alpha': 0.01, 'model__hidden_layer_sizes': (32,), 'model__learning_rate_init': 0.01}",0.6153846153846154,0.8571428571428571,0.625,0.7272727272727273,0.5454545454545454,0.6740509490509491,0.10838816707777779,25,0.68,0.8571428571428571,0.8571428571428571,0.7777777777777778,0.8461538461538461,0.8036434676434675,0.06853939398308055,CloseSMA200_V2
0.027282285690307616,0.004424487685210157,0.0039033412933349608,0.0007899705577867974,relu,0.01,"(64,)",0.001,"{'model__activation': 'relu', 'model__alpha': 0.01, 'model__hidden_layer_sizes': (64,), 'model__learning_rate_init': 0.001}",0.625,0.75,0.625,0.7777777777777778,0.625,0.6805555555555556,0.06860605019571372,19,0.65625,0.7761194029850746,0.65625,0.6129032258064516,0.6461538461538462,0.6695352949890745,0.05561843869210329,CloseSMA200_V2
0.026261091232299805,0.004085968021506389,0.007276296615600586,0.006856219933573312,relu,0.01,"(64,)",0.01,"{'model__activation': 'relu', 'model__alpha': 0.01, 'model__hidden_layer_sizes': (64,), 'model__learning_rate_init': 0.01}",0.8,0.75,0.7777777777777778,0.6666666666666666,0.7142857142857143,0.7417460317460318,0.04722482319100859,1,0.8,0.7761194029850746,0.7619047619047619,0.7796610169491526,0.9615384615384616,0.8158447286754902,0.07385743257530461,CloseSMA200_V2
0.022228193283081055,0.0012192142932864567,0.0036556243896484373,0.0001522863209417863,relu,0.01,"(32, 16)",0.001,"{'model__activation': 'relu', 'model__alpha': 0.01, 'model__hidden_layer_sizes': (32, 16), 'model__learning_rate_init': 0.001}",0.625,0.7058823529411765,0.7777777777777778,0.6666666666666666,0.7777777777777778,0.7106209150326797,0.06050695734984108,10,0.7536231884057971,0.7352941176470589,0.7352941176470589,0.746268656716418,0.696969696969697,0.733489955477206,0.019539096996757457,CloseSMA200_V2
0.02910337448120117,0.0039867751620314825,0.004322862625122071,0.0004262922754223472,relu,0.01,"(32, 16)",0.01,"{'model__activation': 'relu', 'model__alpha': 0.01, 'model__hidden_layer_sizes': (32, 16), 'model__learning_rate_init': 0.01}",0.6666666666666666,0.8571428571428571,0.625,0.6666666666666666,0.8571428571428571,0.7345238095238095,0.10126747770541303,4,0.7931034482758621,0.9259259259259259,0.847457627118644,0.8301886792452831,0.8275862068965517,0.8448523774924533,0.04420589089613285,CloseSMA200_V2
0.024297380447387697,0.0007675754036042589,0.0038108348846435545,0.00019723499708454412,tanh,0.0001,"(32,)",0.001,"{'model__activation': 'tanh', 'model__alpha': 0.0001, 'model__hidden_layer_sizes': (32,), 'model__learning_rate_init': 0.001}",0.7272727272727273,0.8571428571428571,0.8,0.6153846153846154,0.5454545454545454,0.709050949050949,0.1149540270234751,13,0.7037037037037037,0.6666666666666666,0.68,0.7307692307692307,0.72,0.7002279202279202,0.023963782490310826,CloseSMA200_V2
0.02811150550842285,0.0035940012537719304,0.003977251052856445,0.0003413893447285451,tanh,0.0001,"(32,)",0.01,"{'model__activation': 'tanh', 'model__alpha': 0.0001, 'model__hidden_layer_sizes': (32,), 'model__learning_rate_init': 0.01}",0.6153846153846154,0.7692307692307693,0.625,0.6666666666666666,0.7142857142857143,0.6781135531135531,0.05744174906649582,22,0.6923076923076923,0.8846153846153846,0.8679245283018868,0.8076923076923077,0.8235294117647058,0.8152138649363954,0.06756720266349608,CloseSMA200_V2
0.02924962043762207,0.0026925420149341316,0.0037877559661865234,0.0006084972951868014,tanh,0.0001,"(64,)",0.001,"{'model__activation': 'tanh', 'model__alpha': 0.0001, 'model__hidden_layer_sizes': (64,), 'model__learning_rate_init': 0.001}",0.8,0.36363636363636365,0.7058823529411765,0.5714285714285714,0.5714285714285714,0.6024751718869366,0.14743192458980944,31,0.7777777777777778,0.6885245901639344,0.7368421052631579,0.48148148148148145,0.43137254901960786,0.6231997007411918,0.13997001749783083,CloseSMA200_V2
0.02978935241699219,0.00409659296786261,0.005498695373535156,0.0017598006470565613,tanh,0.0001,"(64,)",0.01,"{'model__activation': 'tanh', 'model__alpha': 0.0001, 'model__hidden_layer_sizes': (64,), 'model__learning_rate_init': 0.01}",0.8,0.8333333333333334,0.6666666666666666,0.5454545454545454,0.6666666666666666,0.7024242424242424,0.10378334429377742,16,0.8076923076923077,0.7924528301886793,0.7924528301886793,0.7924528301886793,0.7843137254901961,0.7938729047497084,0.00759478296045462,CloseSMA200_V2
0.034073925018310545,0.008980321008747318,0.005104780197143555,0.0028606934675596612,tanh,0.0001,"(32, 16)",0.001,"{'model__activation': 'tanh', 'model__alpha': 0.0001, 'model__hidden_layer_sizes': (32, 16), 'model__learning_rate_init': 0.001}",0.625,0.42857142857142855,0.75,0.36363636363636365,0.8571428571428571,0.6048701298701299,0.18675351769212503,28,0.7666666666666667,0.6551724137931034,0.7666666666666667,0.7540983606557377,0.7037037037037037,0.7292615622971756,0.04372083320439189,CloseSMA200_V2
0.040107345581054686,0.016185019854126497,0.0038524627685546874,0.0007735908319642823,tanh,0.0001,"(32, 16)",0.01,"{'model__activation': 'tanh', 'model__alpha': 0.0001, 'model__hidden_layer_sizes': (32, 16), 'model__learning_rate_init': 0.01}",0.6666666666666666,0.7692307692307693,0.8,0.4,0.9230769230769231,0.7117948717948718,0.17605211110666938,7,0.7407407407407407,0.8135593220338984,0.7666666666666667,0.7857142857142857,0.75,0.7713362030311183,0.026086937276625175,CloseSMA200_V2
0.03064131736755371,0.012209192975868196,0.0052340984344482425,0.0023129553095345935,tanh,0.001,"(32,)",0.001,"{'model__activation': 'tanh', 'model__alpha': 0.001, 'model__hidden_layer_sizes': (32,), 'model__learning_rate_init': 0.001}",0.7272727272727273,0.8571428571428571,0.8,0.6153846153846154,0.5454545454545454,0.709050949050949,0.1149540270234751,13,0.7037037037037037,0.6666666666666666,0.68,0.7307692307692307,0.72,0.7002279202279202,0.023963782490310826,CloseSMA200_V2
0.03305273056030274,0.013727870992154183,0.009823369979858398,0.009653771936496766,tanh,0.001,"(32,)",0.01,"{'model__activation': 'tanh', 'model__alpha': 0.001, 'model__hidden_layer_sizes': (32,), 'model__learning_rate_init': 0.01}",0.6153846153846154,0.7692307692307693,0.625,0.6666666666666666,0.7142857142857143,0.6781135531135531,0.05744174906649582,22,0.6923076923076923,0.8846153846153846,0.8679245283018868,0.8076923076923077,0.8235294117647058,0.8152138649363954,0.06756720266349608,CloseSMA200_V2
0.044367504119873044,0.01412920370044552,0.0044978618621826175,0.0017152741264683843,tanh,0.001,"(64,)",0.001,"{'model__activation': 'tanh', 'model__alpha': 0.001, 'model__hidden_layer_sizes': (64,), 'model__learning_rate_init': 0.001}",0.8,0.36363636363636365,0.7058823529411765,0.5714285714285714,0.5714285714285714,0.6024751718869366,0.14743192458980944,31,0.7777777777777778,0.6885245901639344,0.7368421052631579,0.48148148148148145,0.43137254901960786,0.6231997007411918,0.13997001749783083,CloseSMA200_V2
0.03228559494018555,0.008938278769772504,0.004296207427978515,0.0007896734832756575,tanh,0.001,"(64,)",0.01,"{'model__activation': 'tanh', 'model__alpha': 0.001, 'model__hidden_layer_sizes': (64,), 'model__learning_rate_init': 0.01}",0.8,0.8333333333333334,0.6666666666666666,0.5454545454545454,0.6666666666666666,0.7024242424242424,0.10378334429377742,16,0.8076923076923077,0.7924528301886793,0.7924528301886793,0.7924528301886793,0.7843137254901961,0.7938729047497084,0.00759478296045462,CloseSMA200_V2
0.04053826332092285,0.02437613241191724,0.0034301280975341797,0.00037848968580946995,tanh,0.001,"(32, 16)",0.001,"{'model__activation': 'tanh', 'model__alpha': 0.001, 'model__hidden_layer_sizes': (32, 16), 'model__learning_rate_init': 0.001}",0.625,0.42857142857142855,0.75,0.36363636363636365,0.8571428571428571,0.6048701298701299,0.18675351769212503,28,0.7666666666666667,0.6551724137931034,0.7666666666666667,0.7540983606557377,0.7037037037037037,0.7292615622971756,0.04372083320439189,CloseSMA200_V2
0.028064441680908204,0.004722001443035453,0.004624605178833008,0.0012670486156001793,tanh,0.001,"(32, 16)",0.01,"{'model__activation': 'tanh', 'model__alpha': 0.001, 'model__hidden_layer_sizes': (32, 16), 'model__learning_rate_init': 0.01}",0.6666666666666666,0.7692307692307693,0.8,0.4,0.9230769230769231,0.7117948717948718,0.17605211110666938,7,0.7407407407407407,0.8135593220338984,0.7666666666666667,0.7857142857142857,0.75,0.7713362030311183,0.026086937276625175,CloseSMA200_V2
0.02513413429260254,0.007935883644310205,0.004755496978759766,0.0017353681975856496,tanh,0.01,"(32,)",0.001,"{'model__activation': 'tanh', 'model__alpha': 0.01, 'model__hidden_layer_sizes': (32,), 'model__learning_rate_init': 0.001}",0.7272727272727273,0.8571428571428571,0.8,0.6153846153846154,0.5454545454545454,0.709050949050949,0.1149540270234751,13,0.7037037037037037,0.6666666666666666,0.68,0.7307692307692307,0.72,0.7002279202279202,0.023963782490310826,CloseSMA200_V2
0.026183032989501955,0.0037750120251179753,0.0037990570068359374,0.001114461676174298,tanh,0.01,"(32,)",0.01,"{'model__activation': 'tanh', 'model__alpha': 0.01, 'model__hidden_layer_sizes': (32,), 'model__learning_rate_init': 0.01}",0.6153846153846154,0.7692307692307693,0.625,0.6666666666666666,0.7142857142857143,0.6781135531135531,0.05744174906649582,22,0.6923076923076923,0.8846153846153846,0.8679245283018868,0.8076923076923077,0.8235294117647058,0.8152138649363954,0.06756720266349608,CloseSMA200_V2
0.030919218063354494,0.007874071118625967,0.004140281677246093,0.0007034359325837425,tanh,0.01,"(64,)",0.001,"{'model__activation': 'tanh', 'model__alpha': 0.01, 'model__hidden_layer_sizes': (64,), 'model__learning_rate_init': 0.001}",0.8,0.36363636363636365,0.7058823529411765,0.5714285714285714,0.5714285714285714,0.6024751718869366,0.14743192458980944,31,0.7777777777777778,0.6885245901639344,0.7368421052631579,0.48148148148148145,0.43137254901960786,0.6231997007411918,0.13997001749783083,CloseSMA200_V2
0.024944162368774413,0.0035652287914825285,0.0038439750671386717,0.0006849347333146615,tanh,0.01,"(64,)",0.01,"{'model__activation': 'tanh', 'model__alpha': 0.01, 'model__hidden_layer_sizes': (64,), 'model__learning_rate_init': 0.01}",0.8,0.8333333333333334,0.6666666666666666,0.5454545454545454,0.6666666666666666,0.7024242424242424,0.10378334429377742,16,0.8076923076923077,0.7924528301886793,0.7924528301886793,0.7924528301886793,0.7843137254901961,0.7938729047497084,0.00759478296045462,CloseSMA200_V2
0.03321266174316406,0.01702864632787696,0.0032092571258544923,7.654337046257863e-05,tanh,0.01,"(32, 16)",0.001,"{'model__activation': 'tanh', 'model__alpha': 0.01, 'model__hidden_layer_sizes': (32, 16), 'model__learning_rate_init': 0.001}",0.625,0.42857142857142855,0.75,0.36363636363636365,0.8571428571428571,0.6048701298701299,0.18675351769212503,28,0.7666666666666667,0.6551724137931034,0.7666666666666667,0.7540983606557377,0.7037037037037037,0.7292615622971756,0.04372083320439189,CloseSMA200_V2
0.028412771224975587,0.012868563265199065,0.003387928009033203,0.00022356310695349462,tanh,0.01,"(32, 16)",0.01,"{'model__activation': 'tanh', 'model__alpha': 0.01, 'model__hidden_layer_sizes': (32, 16), 'model__learning_rate_init': 0.01}",0.6666666666666666,0.7692307692307693,0.8,0.4,0.9230769230769231,0.7117948717948718,0.17605211110666938,7,0.7407407407407407,0.8135593220338984,0.7666666666666667,0.7857142857142857,0.75,0.7713362030311183,0.026086937276625175,CloseSMA200_V2
0.03575839996337891,0.009561447300398993,0.0035311222076416016,0.0002243781859802316,relu,0.0001,"(32,)",0.001,"{'model__activation': 'relu', 'model__alpha': 0.0001, 'model__hidden_layer_sizes': (32,), 'model__learning_rate_init': 0.001}",0.46153846153846156,0.5483870967741935,0.5,0.5925925925925926,0.5925925925925926,0.5390221486995681,0.05167927444429386,34,0.5739910313901345,0.5192307692307693,0.5308056872037915,0.5233644859813084,0.6666666666666666,0.5628117280945341,0.05548080141331944,SMA20_50_C2
0.03134164810180664,0.0028851576041763476,0.004368877410888672,0.0013576708554604733,relu,0.0001,"(32,)",0.01,"{'model__activation': 'relu', 'model__alpha': 0.0001, 'model__hidden_layer_sizes': (32,), 'model__learning_rate_init': 0.01}",0.5573770491803278,0.6206896551724138,0.7457627118644068,0.5517241379310345,0.6666666666666666,0.62844404416297,0.07241716785268114,15,0.7078189300411523,0.7168141592920354,0.6861924686192469,0.7381974248927039,0.7017543859649122,0.7101554737620102,0.01721018561439772,SMA20_50_C2
0.03720874786376953,0.010950173850633047,0.006606769561767578,0.0041354463962836995,relu,0.0001,"(64,)",0.001,"{'model__activation': 'relu', 'model__alpha': 0.0001, 'model__hidden_layer_sizes': (64,), 'model__learning_rate_init': 0.001}",0.6376811594202898,0.7323943661971831,0.6349206349206349,0.6666666666666666,0.676923076923077,0.6697171808255703,0.035289563374185054,4,0.6666666666666666,0.6741573033707865,0.6739130434782609,0.6335877862595419,0.7003891050583657,0.6697427809667242,0.021413651716904427,SMA20_50_C2
0.03544425964355469,0.006815763445307155,0.005828714370727539,0.002686905799020407,relu,0.0001,"(64,)",0.01,"{'model__activation': 'relu', 'model__alpha': 0.0001, 'model__hidden_layer_sizes': (64,), 'model__learning_rate_init': 0.01}",0.5964912280701754,0.6865671641791045,0.5818181818181818,0.6428571428571429,0.6071428571428571,0.6229753148134923,0.0376435746310301,18,0.7186147186147186,0.6557377049180327,0.7241379310344828,0.7647058823529411,0.6363636363636364,0.6999119746567624,0.04716926430480053,SMA20_50_C2
0.0312253475189209,0.008825915472248707,0.00428619384765625,0.0011441868287882131,relu,0.0001,"(32, 16)",0.001,"{'model__activation': 'relu', 'model__alpha': 0.0001, 'model__hidden_layer_sizes': (32, 16), 'model__learning_rate_init': 0.001}",0.5846153846153846,0.7123287671232876,0.7297297297297297,0.7297297297297297,0.7123287671232876,0.6937464756642839,0.05511766920241586,1,0.7244094488188977,0.7186440677966102,0.7142857142857143,0.7142857142857143,0.7186440677966102,0.7180538025967094,0.0037279496765101256,SMA20_50_C2
0.03820929527282715,0.011271581007207921,0.0034238338470458985,0.00019695721733493335,relu,0.0001,"(32, 16)",0.01,"{'model__activation': 'relu', 'model__alpha': 0.0001, 'model__hidden_layer_sizes': (32, 16), 'model__learning_rate_init': 0.01}",0.6268656716417911,0.6779661016949152,0.7076923076923077,0.56,0.5818181818181818,0.6308684525694392,0.05579315756362816,13,0.7218045112781954,0.782608695652174,0.7611940298507462,0.8416289592760181,0.8,0.7814472392114269,0.03983676901707672,SMA20_50_C2
0.02913694381713867,0.006779366761553717,0.0034018516540527343,8.49443072469906e-05,relu,0.001,"(32,)",0.001,"{'model__activation': 'relu', 'model__alpha': 0.001, 'model__hidden_layer_sizes': (32,), 'model__learning_rate_init': 0.001}",0.46153846153846156,0.5483870967741935,0.5,0.5925925925925926,0.5925925925925926,0.5390221486995681,0.05167927444429386,34,0.5739910313901345,0.5192307692307693,0.5308056872037915,0.5233644859813084,0.6666666666666666,0.5628117280945341,0.05548080141331944,SMA20_50_C2
0.039690685272216794,0.009174261267960095,0.005476856231689453,0.003171273376617043,relu,0.001,"(32,)",0.01,"{'model__activation': 'relu', 'model__alpha': 0.001, 'model__hidden_layer_sizes': (32,), 'model__learning_rate_init': 0.01}",0.5573770491803278,0.6206896551724138,0.7457627118644068,0.5517241379310345,0.6666666666666666,0.62844404416297,0.07241716785268114,15,0.7078189300411523,0.7168141592920354,0.6861924686192469,0.7381974248927039,0.7017543859649122,0.7101554737620102,0.01721018561439772,SMA20_50_C2
0.036897706985473636,0.004522495652638354,0.004260444641113281,0.0007652120805997606,relu,0.001,"(64,)",0.001,"{'model__activation': 'relu', 'model__alpha': 0.001, 'model__hidden_layer_sizes': (64,), 'model__learning_rate_init': 0.001}",0.6376811594202898,0.7323943661971831,0.6349206349206349,0.6666666666666666,0.676923076923077,0.6697171808255703,0.035289563374185054,4,0.6666666666666666,0.6741573033707865,0.6739130434782609,0.6335877862595419,0.7003891050583657,0.6697427809667242,0.021413651716904427,SMA20_50_C2
0.04807758331298828,0.018030477668994262,0.003914594650268555,0.0005207857963627392,relu,0.001,"(64,)",0.01,"{'model__activation': 'relu', 'model__alpha': 0.001, 'model__hidden_layer_sizes': (64,), 'model__learning_rate_init': 0.01}",0.5964912280701754,0.6865671641791045,0.5818181818181818,0.6428571428571429,0.6071428571428571,0.6229753148134923,0.0376435746310301,18,0.7186147186147186,0.6557377049180327,0.7241379310344828,0.7647058823529411,0.6363636363636364,0.6999119746567624,0.04716926430480053,SMA20_50_C2
0.03224301338195801,0.004543253734087031,0.0038938522338867188,0.0004438976708189157,relu,0.001,"(32, 16)",0.001,"{'model__activation': 'relu', 'model__alpha': 0.001, 'model__hidden_layer_sizes': (32, 16), 'model__learning_rate_init': 0.001}",0.5846153846153846,0.7123287671232876,0.7297297297297297,0.7297297297297297,0.7123287671232876,0.6937464756642839,0.05511766920241586,1,0.7244094488188977,0.7186440677966102,0.7142857142857143,0.7142857142857143,0.7186440677966102,0.7180538025967094,0.0037279496765101256,SMA20_50_C2
0.04474506378173828,0.011258394052116425,0.0038329601287841798,0.00017939210878747909,relu,0.001,"(32, 16)",0.01,"{'model__activation': 'relu', 'model__alpha': 0.001, 'model__hidden_layer_sizes': (32, 16), 'model__learning_rate_init': 0.01}",0.6268656716417911,0.6779661016949152,0.7076923076923077,0.5306122448979592,0.6071428571428571,0.6300558366139661,0.061232384986701305,14,0.7218045112781954,0.782608695652174,0.7640449438202247,0.8363636363636363,0.7966101694915254,0.7802863913211512,0.03768403150672818,SMA20_50_C2
0.0412348747253418,0.01664938634835205,0.0063536643981933595,0.002363973718423337,relu,0.01,"(32,)",0.001,"{'model__activation': 'relu', 'model__alpha': 0.01, 'model__hidden_layer_sizes': (32,), 'model__learning_rate_init': 0.001}",0.46153846153846156,0.5483870967741935,0.5,0.5925925925925926,0.5925925925925926,0.5390221486995681,0.05167927444429386,34,0.5739910313901345,0.5192307692307693,0.5308056872037915,0.5233644859813084,0.6666666666666666,0.5628117280945341,0.05548080141331944,SMA20_50_C2
0.041487693786621094,0.011873066836667551,0.0061419963836669925,0.002037917102130142,relu,0.01,"(32,)",0.01,"{'model__activation': 'relu', 'model__alpha': 0.01, 'model__hidden_layer_sizes': (32,), 'model__learning_rate_init': 0.01}",0.5573770491803278,0.6206896551724138,0.7457627118644068,0.5517241379310345,0.6666666666666666,0.62844404416297,0.07241716785268114,15,0.7078189300411523,0.7168141592920354,0.6861924686192469,0.7381974248927039,0.7017543859649122,0.7101554737620102,0.01721018561439772,SMA20_50_C2
0.03642711639404297,0.00711320483601354,0.004570436477661133,0.0012920910191828155,relu,0.01,"(64,)",0.001,"{'model__activation': 'relu', 'model__alpha': 0.01, 'model__hidden_layer_sizes': (64,), 'model__learning_rate_init': 0.001}",0.6376811594202898,0.7323943661971831,0.6349206349206349,0.6666666666666666,0.676923076923077,0.6697171808255703,0.035289563374185054,4,0.6666666666666666,0.6741573033707865,0.6739130434782609,0.6335877862595419,0.7003891050583657,0.6697427809667242,0.021413651716904427,SMA20_50_C2
0.03113665580749512,0.003585977910804339,0.003610992431640625,0.0002768589223156629,relu,0.01,"(64,)",0.01,"{'model__activation': 'relu', 'model__alpha': 0.01, 'model__hidden_layer_sizes': (64,), 'model__learning_rate_init': 0.01}",0.5964912280701754,0.6865671641791045,0.5818181818181818,0.6428571428571429,0.6071428571428571,0.6229753148134923,0.0376435746310301,18,0.7186147186147186,0.6557377049180327,0.7272727272727273,0.7381974248927039,0.6363636363636364,0.6952372424123637,0.04109664442268051,SMA20_50_C2
0.0260256290435791,0.004226794201628928,0.0033425807952880858,8.855334635687546e-05,relu,0.01,"(32, 16)",0.001,"{'model__activation': 'relu', 'model__alpha': 0.01, 'model__hidden_layer_sizes': (32, 16), 'model__learning_rate_init': 0.001}",0.5846153846153846,0.7123287671232876,0.7297297297297297,0.7297297297297297,0.7123287671232876,0.6937464756642839,0.05511766920241586,1,0.7244094488188977,0.7186440677966102,0.7142857142857143,0.7142857142857143,0.7186440677966102,0.7180538025967094,0.0037279496765101256,SMA20_50_C2
0.050787830352783205,0.013412846562591198,0.006958293914794922,0.004640607458950651,relu,0.01,"(32, 16)",0.01,"{'model__activation': 'relu', 'model__alpha': 0.01, 'model__hidden_layer_sizes': (32, 16), 'model__learning_rate_init': 0.01}",0.6268656716417911,0.6779661016949152,0.7076923076923077,0.52,0.5818181818181818,0.6228684525694392,0.06710269496846506,21,0.7218045112781954,0.782608695652174,0.7611940298507462,0.8416289592760181,0.7916666666666666,0.7797805725447601,0.039194856051134104,SMA20_50_C2
0.0486691951751709,0.013202276520119741,0.008382511138916016,0.005112179571222581,tanh,0.0001,"(32,)",0.001,"{'model__activation': 'tanh', 'model__alpha': 0.0001, 'model__hidden_layer_sizes': (32,), 'model__learning_rate_init': 0.001}",0.5769230769230769,0.6440677966101694,0.52,0.5357142857142857,0.6440677966101694,0.5841545911715402,0.05233307545208497,31,0.6071428571428571,0.6140350877192983,0.6160714285714286,0.6244343891402715,0.6751054852320675,0.6273578495611846,0.024502687743668768,SMA20_50_C2
0.035521411895751955,0.0035605396968334717,0.004417324066162109,0.0011890552404110126,tanh,0.0001,"(32,)",0.01,"{'model__activation': 'tanh', 'model__alpha': 0.0001, 'model__hidden_layer_sizes': (32,), 'model__learning_rate_init': 0.01}",0.6440677966101694,0.6206896551724138,0.7017543859649122,0.6181818181818182,0.6779661016949152,0.6525319515248458,0.032665729635750686,7,0.7416666666666667,0.723404255319149,0.6553191489361702,0.7217391304347827,0.6754385964912281,0.7035135595695994,0.032540361276663064,SMA20_50_C2
0.037083101272583005,0.007485864165937669,0.004088830947875976,0.0005687753199433885,tanh,0.0001,"(64,)",0.001,"{'model__activation': 'tanh', 'model__alpha': 0.0001, 'model__hidden_layer_sizes': (64,), 'model__learning_rate_init': 0.001}",0.6129032258064516,0.6153846153846154,0.5,0.6181818181818182,0.6,0.589293931874577,0.045079171832700146,28,0.648,0.628099173553719,0.5352112676056338,0.5046728971962616,0.6554621848739496,0.5942891046459128,0.06211502596134178,SMA20_50_C2
0.03640236854553223,0.0077960277619085845,0.004897165298461914,0.0021746343400260108,tanh,0.0001,"(64,)",0.01,"{'model__activation': 'tanh', 'model__alpha': 0.0001, 'model__hidden_layer_sizes': (64,), 'model__learning_rate_init': 0.01}",0.509090909090909,0.6440677966101694,0.6885245901639344,0.625,0.5901639344262295,0.6113694460582485,0.060197114946315466,25,0.7416666666666667,0.6886792452830188,0.6517857142857143,0.6730769230769231,0.6434782608695652,0.6797373620363777,0.03480107620325162,SMA20_50_C2
0.02856287956237793,0.0023157547745780295,0.003441143035888672,0.00010457066058859791,tanh,0.0001,"(32, 16)",0.001,"{'model__activation': 'tanh', 'model__alpha': 0.0001, 'model__hidden_layer_sizes': (32, 16), 'model__learning_rate_init': 0.001}",0.5573770491803278,0.509090909090909,0.6451612903225806,0.6875,0.6774193548387096,0.6153097206865054,0.07014098610119757,22,0.6976744186046512,0.6297872340425532,0.6206896551724138,0.6770428015564203,0.6451612903225806,0.6540710799397238,0.029025368830863145,SMA20_50_C2
0.032450103759765626,0.003973810906803976,0.006477928161621094,0.004856648462524248,tanh,0.0001,"(32, 16)",0.01,"{'model__activation': 'tanh', 'model__alpha': 0.0001, 'model__hidden_layer_sizes': (32, 16), 'model__learning_rate_init': 0.01}",0.6451612903225806,0.6440677966101694,0.6774193548387096,0.6,0.65625,0.6445796883542919,0.02530845225014263,10,0.7419354838709677,0.730593607305936,0.7355371900826446,0.6986899563318777,0.7237354085603113,0.7260983292303476,0.014946018769634088,SMA20_50_C2
0.03228754997253418,0.006565839909263395,0.004197311401367187,0.001515304240194895,tanh,0.001,"(32,)",0.001,"{'model__activation': 'tanh', 'model__alpha': 0.001, 'model__hidden_layer_sizes': (32,), 'model__learning_rate_init': 0.001}",0.5769230769230769,0.6440677966101694,0.52,0.5357142857142857,0.6440677966101694,0.5841545911715402,0.05233307545208497,31,0.6071428571428571,0.6140350877192983,0.6160714285714286,0.6244343891402715,0.6751054852320675,0.6273578495611846,0.024502687743668768,SMA20_50_C2
0.03147335052490234,0.0024086084817303457,0.004160308837890625,0.0016643698146814822,tanh,0.001,"(32,)",0.01,"{'model__activation': 'tanh', 'model__alpha': 0.001, 'model__hidden_layer_sizes': (32,), 'model__learning_rate_init': 0.01}",0.6440677966101694,0.6206896551724138,0.7017543859649122,0.6181818181818182,0.6779661016949152,0.6525319515248458,0.032665729635750686,7,0.7416666666666667,0.723404255319149,0.6553191489361702,0.7217391304347827,0.6754385964912281,0.7035135595695994,0.032540361276663064,SMA20_50_C2
0.04377999305725098,0.014898603802457222,0.00479736328125,0.0016998118741812151,tanh,0.001,"(64,)",0.001,"{'model__activation': 'tanh', 'model__alpha': 0.001, 'model__hidden_layer_sizes': (64,), 'model__learning_rate_init': 0.001}",0.6129032258064516,0.6153846153846154,0.5,0.6181818181818182,0.6,0.589293931874577,0.045079171832700146,28,0.648,0.628099173553719,0.5352112676056338,0.5046728971962616,0.6554621848739496,0.5942891046459128,0.06211502596134178,SMA20_50_C2
0.030803871154785157,0.004971428830702044,0.0034264564514160157,0.00015195967576933693,tanh,0.001,"(64,)",0.01,"{'model__activation': 'tanh', 'model__alpha': 0.001, 'model__hidden_layer_sizes': (64,), 'model__learning_rate_init': 0.01}",0.509090909090909,0.6440677966101694,0.6885245901639344,0.625,0.5901639344262295,0.6113694460582485,0.060197114946315466,25,0.7416666666666667,0.6886792452830188,0.6517857142857143,0.6730769230769231,0.6434782608695652,0.6797373620363777,0.03480107620325162,SMA20_50_C2
0.04579205513000488,0.0291956685918307,0.007234621047973633,0.003212935259300968,tanh,0.001,"(32, 16)",0.001,"{'model__activation': 'tanh', 'model__alpha': 0.001, 'model__hidden_layer_sizes': (32, 16), 'model__learning_rate_init': 0.001}",0.5573770491803278,0.509090909090909,0.6451612903225806,0.6875,0.6774193548387096,0.6153097206865054,0.07014098610119757,22,0.6976744186046512,0.6297872340425532,0.6206896551724138,0.6770428015564203,0.6451612903225806,0.6540710799397238,0.029025368830863145,SMA20_50_C2
0.03533644676208496,0.004380728927702335,0.003955364227294922,0.00033354079230727866,tanh,0.001,"(32, 16)",0.01,"{'model__activation': 'tanh', 'model__alpha': 0.001, 'model__hidden_layer_sizes': (32, 16), 'model__learning_rate_init': 0.01}",0.6451612903225806,0.6440677966101694,0.6666666666666666,0.6,0.65625,0.6424291507198834,0.022754584733926622,11,0.7419354838709677,0.730593607305936,0.7355371900826446,0.6986899563318777,0.7237354085603113,0.7260983292303476,0.014946018769634088,SMA20_50_C2
0.03267664909362793,0.0058591874720942995,0.003985881805419922,0.0006942038316296456,tanh,0.01,"(32,)",0.001,"{'model__activation': 'tanh', 'model__alpha': 0.01, 'model__hidden_layer_sizes': (32,), 'model__learning_rate_init': 0.001}",0.5769230769230769,0.6440677966101694,0.52,0.5357142857142857,0.6440677966101694,0.5841545911715402,0.05233307545208497,31,0.6071428571428571,0.6140350877192983,0.6160714285714286,0.6244343891402715,0.6751054852320675,0.6273578495611846,0.024502687743668768,SMA20_50_C2
0.036927652359008786,0.00805950952385529,0.0043259143829345705,0.0005737392072633539,tanh,0.01,"(32,)",0.01,"{'model__activation': 'tanh', 'model__alpha': 0.01, 'model__hidden_layer_sizes': (32,), 'model__learning_rate_init': 0.01}",0.6440677966101694,0.6206896551724138,0.7017543859649122,0.6181818181818182,0.6779661016949152,0.6525319515248458,0.032665729635750686,7,0.7416666666666667,0.723404255319149,0.6553191489361702,0.7217391304347827,0.6754385964912281,0.7035135595695994,0.032540361276663064,SMA20_50_C2
0.03543577194213867,0.009444098549106718,0.003688812255859375,0.00018735975035972784,tanh,0.01,"(64,)",0.001,"{'model__activation': 'tanh', 'model__alpha': 0.01, 'model__hidden_layer_sizes': (64,), 'model__learning_rate_init': 0.001}",0.6129032258064516,0.6153846153846154,0.5,0.6181818181818182,0.6,0.589293931874577,0.045079171832700146,28,0.648,0.628099173553719,0.5352112676056338,0.5046728971962616,0.6554621848739496,0.5942891046459128,0.06211502596134178,SMA20_50_C2
0.0507108211517334,0.008455751124946257,0.00446171760559082,0.0008303526827937507,tanh,0.01,"(64,)",0.01,"{'model__activation': 'tanh', 'model__alpha': 0.01, 'model__hidden_layer_sizes': (64,), 'model__learning_rate_init': 0.01}",0.509090909090909,0.6440677966101694,0.6885245901639344,0.625,0.5901639344262295,0.6113694460582485,0.060197114946315466,25,0.7416666666666667,0.6886792452830188,0.6517857142857143,0.6730769230769231,0.6434782608695652,0.6797373620363777,0.03480107620325162,SMA20_50_C2
0.045223140716552736,0.009162817003670404,0.007543802261352539,0.004150383034714077,tanh,0.01,"(32, 16)",0.001,"{'model__activation': 'tanh', 'model__alpha': 0.01, 'model__hidden_layer_sizes': (32, 16), 'model__learning_rate_init': 0.001}",0.5573770491803278,0.509090909090909,0.6451612903225806,0.6875,0.6774193548387096,0.6153097206865054,0.07014098610119757,22,0.6976744186046512,0.6297872340425532,0.6206896551724138,0.6770428015564203,0.6451612903225806,0.6540710799397238,0.029025368830863145,SMA20_50_C2
0.04157447814941406,0.012956145800303352,0.004288816452026367,0.0014288661443389924,tanh,0.01,"(32, 16)",0.01,"{'model__activation': 'tanh', 'model__alpha': 0.01, 'model__hidden_layer_sizes': (32, 16), 'model__learning_rate_init': 0.01}",0.6451612903225806,0.6206896551724138,0.6440677966101694,0.6,0.65625,0.6332337484210327,0.02025451555711256,12,0.7368421052631579,0.730593607305936,0.8050847457627118,0.6986899563318777,0.7237354085603113,0.738989164644799,0.03549767416512326,SMA20_50_C2
0.059780120849609375,0.027231555007740292,0.007588529586791992,0.004917490795229808,relu,0.0001,"(32,)",0.001,"{'model__activation': 'relu', 'model__alpha': 0.0001, 'model__hidden_layer_sizes': (32,), 'model__learning_rate_init': 0.001}",0.6363636363636364,0.5925925925925926,0.18181818181818182,0.5454545454545454,0.8148148148148148,0.5542087542087542,0.20731118499099818,34,0.5494505494505495,0.7755102040816326,0.6304347826086957,0.5934065934065934,0.7368421052631579,0.6571288469621258,0.08571588381077971,RSI40_V2
0.05765547752380371,0.02108896421186748,0.004935312271118164,0.002960744471756154,relu,0.0001,"(32,)",0.01,"{'model__activation': 'relu', 'model__alpha': 0.0001, 'model__hidden_layer_sizes': (32,), 'model__learning_rate_init': 0.01}",0.5714285714285714,0.64,0.75,0.5714285714285714,0.8,0.6665714285714286,0.09335296197874006,12,0.6590909090909091,0.7291666666666666,0.8080808080808081,0.627906976744186,0.6888888888888889,0.7026268498942917,0.06243727785434637,RSI40_V2
0.029587841033935545,0.007493439530036792,0.004140996932983398,0.0009726295516187865,relu,0.0001,"(64,)",0.001,"{'model__activation': 'relu', 'model__alpha': 0.0001, 'model__hidden_layer_sizes': (64,), 'model__learning_rate_init': 0.001}",0.7333333333333333,0.5625,0.5517241379310345,0.6666666666666666,0.42857142857142855,0.5885591133004926,0.10458710890010296,28,0.6896551724137931,0.5714285714285714,0.7192982456140351,0.5555555555555556,0.5714285714285714,0.6214732232881053,0.0686623426026658,RSI40_V2
0.032167673110961914,0.006232008700866624,0.003818321228027344,0.00044286181179006883,relu,0.0001,"(64,)",0.01,"{'model__activation': 'relu', 'model__alpha': 0.0001, 'model__hidden_layer_sizes': (64,), 'model__learning_rate_init': 0.01}",0.782608695652174,0.6896551724137931,0.5833333333333334,0.631578947368421,0.64,0.6654352297535444,0.06760199242406234,15,0.7142857142857143,0.7835051546391752,0.75,0.8695652173913043,0.8421052631578947,0.7918922698948176,0.05727567532206027,RSI40_V2
0.036230611801147464,0.0068789349009914765,0.005780172348022461,0.003175062802100725,relu,0.0001,"(32, 16)",0.001,"{'model__activation': 'relu', 'model__alpha': 0.0001, 'model__hidden_layer_sizes': (32, 16), 'model__learning_rate_init': 0.001}",0.6857142857142857,0.6666666666666666,0.6451612903225806,0.46153846153846156,0.7741935483870968,0.6466548505258183,0.10243294383004595,19,0.6766917293233082,0.7719298245614035,0.7107438016528925,0.7321428571428571,0.7058823529411765,0.7194781131243275,0.03163348006255109,RSI40_V2
0.028476953506469727,0.0036968784792617356,0.0036468505859375,0.00028279197423672575,relu,0.0001,"(32, 16)",0.01,"{'model__activation': 'relu', 'model__alpha': 0.0001, 'model__hidden_layer_sizes': (32, 16), 'model__learning_rate_init': 0.01}",0.8148148148148148,0.5,0.8,0.6,0.6428571428571429,0.6715343915343915,0.12032979140414281,11,0.7358490566037735,0.8041237113402062,0.8333333333333334,0.9148936170212766,0.7068965517241379,0.7990192540045455,0.07363076211000973,RSI40_V2
0.04641542434692383,0.018362365089016838,0.0040970325469970705,0.0006051735806828147,relu,0.001,"(32,)",0.001,"{'model__activation': 'relu', 'model__alpha': 0.001, 'model__hidden_layer_sizes': (32,), 'model__learning_rate_init': 0.001}",0.6363636363636364,0.5925925925925926,0.18181818181818182,0.5454545454545454,0.8148148148148148,0.5542087542087542,0.20731118499099818,34,0.5494505494505495,0.7755102040816326,0.6304347826086957,0.5934065934065934,0.7368421052631579,0.6571288469621258,0.08571588381077971,RSI40_V2
0.03679332733154297,0.005614786280823696,0.0045242786407470705,0.0016381495931556145,relu,0.001,"(32,)",0.01,"{'model__activation': 'relu', 'model__alpha': 0.001, 'model__hidden_layer_sizes': (32,), 'model__learning_rate_init': 0.01}",0.5714285714285714,0.64,0.75,0.5714285714285714,0.8,0.6665714285714286,0.09335296197874006,12,0.6590909090909091,0.7291666666666666,0.8080808080808081,0.627906976744186,0.6888888888888889,0.7026268498942917,0.06243727785434637,RSI40_V2
0.03381891250610351,0.0060422451074747,0.004550790786743164,0.0016137333415369693,relu,0.001,"(64,)",0.001,"{'model__activation': 'relu', 'model__alpha': 0.001, 'model__hidden_layer_sizes': (64,), 'model__learning_rate_init': 0.001}",0.7333333333333333,0.5625,0.5517241379310345,0.6666666666666666,0.42857142857142855,0.5885591133004926,0.10458710890010296,28,0.6896551724137931,0.5714285714285714,0.7192982456140351,0.5555555555555556,0.5714285714285714,0.6214732232881053,0.0686623426026658,RSI40_V2
0.041229867935180665,0.012368126851213402,0.007984638214111328,0.0037215119312509,relu,0.001,"(64,)",0.01,"{'model__activation': 'relu', 'model__alpha': 0.001, 'model__hidden_layer_sizes': (64,), 'model__learning_rate_init': 0.01}",0.782608695652174,0.6896551724137931,0.5833333333333334,0.631578947368421,0.64,0.6654352297535444,0.06760199242406234,15,0.7142857142857143,0.7835051546391752,0.75,0.8695652173913043,0.8421052631578947,0.7918922698948176,0.05727567532206027,RSI40_V2
0.04592461585998535,0.01826794920000123,0.00754241943359375,0.003809639824868887,relu,0.001,"(32, 16)",0.001,"{'model__activation': 'relu', 'model__alpha': 0.001, 'model__hidden_layer_sizes': (32, 16), 'model__learning_rate_init': 0.001}",0.6857142857142857,0.6666666666666666,0.6451612903225806,0.46153846153846156,0.7741935483870968,0.6466548505258183,0.10243294383004595,19,0.6766917293233082,0.7719298245614035,0.7107438016528925,0.7321428571428571,0.7058823529411765,0.7194781131243275,0.03163348006255109,RSI40_V2
0.035956382751464844,0.0064773461492866335,0.004981088638305664,0.0012586426238837096,relu,0.001,"(32, 16)",0.01,"{'model__activation': 'relu', 'model__alpha': 0.001, 'model__hidden_layer_sizes': (32, 16), 'model__learning_rate_init': 0.01}",0.8148148148148148,0.5,0.7407407407407407,0.6,0.6428571428571429,0.6596825396825396,0.10952631441554445,18,0.7358490566037735,0.8125,0.78,0.9263157894736842,0.7068965517241379,0.7923122795603191,0.07615775608833109,RSI40_V2
0.053976249694824216,0.019718640561668128,0.0068854808807373045,0.0028326379938481247,relu,0.01,"(32,)",0.001,"{'model__activation': 'relu', 'model__alpha': 0.01, 'model__hidden_layer_sizes': (32,), 'model__learning_rate_init': 0.001}",0.6363636363636364,0.5925925925925926,0.18181818181818182,0.5454545454545454,0.8148148148148148,0.5542087542087542,0.20731118499099818,34,0.5494505494505495,0.7755102040816326,0.6304347826086957,0.5934065934065934,0.7368421052631579,0.6571288469621258,0.08571588381077971,RSI40_V2
0.03476934432983399,0.0020659546692726087,0.006022787094116211,0.002286465943944134,relu,0.01,"(32,)",0.01,"{'model__activation': 'relu', 'model__alpha': 0.01, 'model__hidden_layer_sizes': (32,), 'model__learning_rate_init': 0.01}",0.5714285714285714,0.64,0.75,0.5714285714285714,0.8,0.6665714285714286,0.09335296197874006,12,0.6590909090909091,0.7291666666666666,0.8080808080808081,0.627906976744186,0.6888888888888889,0.7026268498942917,0.06243727785434637,RSI40_V2
0.030086517333984375,0.003982671830619645,0.004215764999389649,0.0007743315638163294,relu,0.01,"(64,)",0.001,"{'model__activation': 'relu', 'model__alpha': 0.01, 'model__hidden_layer_sizes': (64,), 'model__learning_rate_init': 0.001}",0.7333333333333333,0.5625,0.5517241379310345,0.6666666666666666,0.42857142857142855,0.5885591133004926,0.10458710890010296,28,0.6896551724137931,0.5714285714285714,0.7192982456140351,0.5555555555555556,0.5714285714285714,0.6214732232881053,0.0686623426026658,RSI40_V2
0.03042302131652832,0.006111544836790735,0.005072355270385742,0.0023768857873853835,relu,0.01,"(64,)",0.01,"{'model__activation': 'relu', 'model__alpha': 0.01, 'model__hidden_layer_sizes': (64,), 'model__learning_rate_init': 0.01}",0.782608695652174,0.6896551724137931,0.5833333333333334,0.631578947368421,0.64,0.6654352297535444,0.06760199242406234,15,0.7142857142857143,0.7835051546391752,0.75,0.8695652173913043,0.8421052631578947,0.7918922698948176,0.05727567532206027,RSI40_V2
0.044742679595947264,0.015934796945623768,0.004599475860595703,0.0015806090965174767,relu,0.01,"(32, 16)",0.001,"{'model__activation': 'relu', 'model__alpha': 0.01, 'model__hidden_layer_sizes': (32, 16), 'model__learning_rate_init': 0.001}",0.6857142857142857,0.6666666666666666,0.6451612903225806,0.46153846153846156,0.7741935483870968,0.6466548505258183,0.10243294383004595,19,0.6766917293233082,0.7719298245614035,0.7107438016528925,0.7321428571428571,0.7058823529411765,0.7194781131243275,0.03163348006255109,RSI40_V2
0.04158320426940918,0.009945538654353369,0.005959129333496094,0.0017580039863071613,relu,0.01,"(32, 16)",0.01,"{'model__activation': 'relu', 'model__alpha': 0.01, 'model__hidden_layer_sizes': (32, 16), 'model__learning_rate_init': 0.01}",0.8148148148148148,0.6666666666666666,0.8,0.6,0.6428571428571429,0.7048677248677249,0.08653367576565897,7,0.7358490566037735,0.8775510204081632,0.875,0.9148936170212766,0.7008547008547008,0.8208296789775827,0.08557506675226151,RSI40_V2
0.05937824249267578,0.024406622873790345,0.009063482284545898,0.0062650779267834685,tanh,0.0001,"(32,)",0.001,"{'model__activation': 'tanh', 'model__alpha': 0.0001, 'model__hidden_layer_sizes': (32,), 'model__learning_rate_init': 0.001}",0.5,0.6666666666666666,0.3076923076923077,0.6153846153846154,0.8148148148148148,0.5809116809116809,0.16996970486122592,31,0.6,0.7115384615384616,0.64,0.6530612244897959,0.7102803738317757,0.6629760119720066,0.04286768568445926,RSI40_V2
0.03323526382446289,0.008604281129981932,0.0054819583892822266,0.002773129718424722,tanh,0.0001,"(32,)",0.01,"{'model__activation': 'tanh', 'model__alpha': 0.0001, 'model__hidden_layer_sizes': (32,), 'model__learning_rate_init': 0.01}",0.6956521739130435,0.6153846153846154,0.4444444444444444,0.6153846153846154,0.7407407407407407,0.6223213179734918,0.10113060065424062,22,0.7446808510638298,0.7722772277227723,0.6597938144329897,0.6122448979591837,0.8041237113402062,0.7186241005037962,0.07161750212971914,RSI40_V2
0.045392942428588864,0.015036915051707435,0.004480171203613281,0.001889741858973775,tanh,0.0001,"(64,)",0.001,"{'model__activation': 'tanh', 'model__alpha': 0.0001, 'model__hidden_layer_sizes': (64,), 'model__learning_rate_init': 0.001}",0.9166666666666666,0.6428571428571429,0.5,0.75,0.7692307692307693,0.7157509157509157,0.13875315725432355,4,0.7735849056603774,0.78,0.6181818181818182,0.7663551401869159,0.7547169811320755,0.7385677690322374,0.06077588638579091,RSI40_V2
0.03717961311340332,0.007553212558453402,0.005348348617553711,0.00172582668486229,tanh,0.0001,"(64,)",0.01,"{'model__activation': 'tanh', 'model__alpha': 0.0001, 'model__hidden_layer_sizes': (64,), 'model__learning_rate_init': 0.01}",0.9166666666666666,0.6666666666666666,0.7407407407407407,0.5714285714285714,0.72,0.723100529100529,0.11311746419800596,1,0.78,0.8282828282828283,0.7777777777777778,0.875,0.8163265306122449,0.8154774273345702,0.03574226448762821,RSI40_V2
0.04141764640808106,0.004719532558888458,0.005264568328857422,0.0008118902765533517,tanh,0.0001,"(32, 16)",0.001,"{'model__activation': 'tanh', 'model__alpha': 0.0001, 'model__hidden_layer_sizes': (32, 16), 'model__learning_rate_init': 0.001}",0.7741935483870968,0.6666666666666666,0.5,0.6153846153846154,0.4,0.5912489660876757,0.13010889297968187,25,0.6779661016949152,0.7368421052631579,0.5871559633027523,0.7818181818181819,0.6956521739130435,0.6958869051984101,0.06512317672895167,RSI40_V2
0.033573341369628903,0.004816437119276673,0.005082035064697265,0.0016603891259421321,tanh,0.0001,"(32, 16)",0.01,"{'model__activation': 'tanh', 'model__alpha': 0.0001, 'model__hidden_layer_sizes': (32, 16), 'model__learning_rate_init': 0.01}",0.88,0.6451612903225806,0.75,0.6,0.5517241379310345,0.6853770856507231,0.11732337127021857,8,0.75,0.8269230769230769,0.7368421052631579,0.7835051546391752,0.7017543859649122,0.7598049445580644,0.04256721726705549,RSI40_V2
0.03364729881286621,0.0018602195792894994,0.004108905792236328,0.00024304264125157724,tanh,0.001,"(32,)",0.001,"{'model__activation': 'tanh', 'model__alpha': 0.001, 'model__hidden_layer_sizes': (32,), 'model__learning_rate_init': 0.001}",0.5,0.6666666666666666,0.3076923076923077,0.6153846153846154,0.8148148148148148,0.5809116809116809,0.16996970486122592,31,0.6,0.7115384615384616,0.64,0.6530612244897959,0.7102803738317757,0.6629760119720066,0.04286768568445926,RSI40_V2
0.03451852798461914,0.015535433732288537,0.0042098045349121095,0.00058319530377493,tanh,0.001,"(32,)",0.01,"{'model__activation': 'tanh', 'model__alpha': 0.001, 'model__hidden_layer_sizes': (32,), 'model__learning_rate_init': 0.01}",0.6956521739130435,0.6153846153846154,0.4444444444444444,0.6153846153846154,0.7407407407407407,0.6223213179734918,0.10113060065424062,22,0.7446808510638298,0.7722772277227723,0.6597938144329897,0.6122448979591837,0.8041237113402062,0.7186241005037962,0.07161750212971914,RSI40_V2
0.03952803611755371,0.005883342702848834,0.004349708557128906,0.0006822033748607835,tanh,0.001,"(64,)",0.001,"{'model__activation': 'tanh', 'model__alpha': 0.001, 'model__hidden_layer_sizes': (64,), 'model__learning_rate_init': 0.001}",0.9166666666666666,0.6428571428571429,0.5,0.75,0.7692307692307693,0.7157509157509157,0.13875315725432355,4,0.7735849056603774,0.78,0.6181818181818182,0.7663551401869159,0.7547169811320755,0.7385677690322374,0.06077588638579091,RSI40_V2
0.03789453506469727,0.0029935070576725393,0.006674432754516601,0.002562042397312418,tanh,0.001,"(64,)",0.01,"{'model__activation': 'tanh', 'model__alpha': 0.001, 'model__hidden_layer_sizes': (64,), 'model__learning_rate_init': 0.01}",0.9166666666666666,0.6666666666666666,0.7407407407407407,0.5714285714285714,0.72,0.723100529100529,0.11311746419800596,1,0.78,0.8282828282828283,0.7777777777777778,0.875,0.8163265306122449,0.8154774273345702,0.03574226448762821,RSI40_V2
0.04581308364868164,0.009708930706959086,0.0045963764190673825,0.0014431699222969413,tanh,0.001,"(32, 16)",0.001,"{'model__activation': 'tanh', 'model__alpha': 0.001, 'model__hidden_layer_sizes': (32, 16), 'model__learning_rate_init': 0.001}",0.7741935483870968,0.6666666666666666,0.5,0.6153846153846154,0.4,0.5912489660876757,0.13010889297968187,25,0.6779661016949152,0.7368421052631579,0.5871559633027523,0.7818181818181819,0.6956521739130435,0.6958869051984101,0.06512317672895167,RSI40_V2
0.0324915885925293,0.006641147444564996,0.004652500152587891,0.0012233984980763565,tanh,0.001,"(32, 16)",0.01,"{'model__activation': 'tanh', 'model__alpha': 0.001, 'model__hidden_layer_sizes': (32, 16), 'model__learning_rate_init': 0.01}",0.88,0.6451612903225806,0.75,0.6,0.5517241379310345,0.6853770856507231,0.11732337127021857,8,0.75,0.8269230769230769,0.7368421052631579,0.7835051546391752,0.7017543859649122,0.7598049445580644,0.04256721726705549,RSI40_V2
0.040949535369873044,0.009417401240899665,0.006018781661987304,0.0024274260119890017,tanh,0.01,"(32,)",0.001,"{'model__activation': 'tanh', 'model__alpha': 0.01, 'model__hidden_layer_sizes': (32,), 'model__learning_rate_init': 0.001}",0.5,0.6666666666666666,0.3076923076923077,0.6153846153846154,0.8148148148148148,0.5809116809116809,0.16996970486122592,31,0.6,0.7115384615384616,0.64,0.6530612244897959,0.7102803738317757,0.6629760119720066,0.04286768568445926,RSI40_V2
0.04238567352294922,0.01597319450933712,0.003573322296142578,0.00016567264974506288,tanh,0.01,"(32,)",0.01,"{'model__activation': 'tanh', 'model__alpha': 0.01, 'model__hidden_layer_sizes': (32,), 'model__learning_rate_init': 0.01}",0.6956521739130435,0.6153846153846154,0.38461538461538464,0.6153846153846154,0.7407407407407407,0.6103555060076798,0.12270698210013299,24,0.7446808510638298,0.7722772277227723,0.6597938144329897,0.6122448979591837,0.8041237113402062,0.7186241005037962,0.07161750212971914,RSI40_V2
0.04494166374206543,0.009083504449531645,0.004188060760498047,0.0006544166040498728,tanh,0.01,"(64,)",0.001,"{'model__activation': 'tanh', 'model__alpha': 0.01, 'model__hidden_layer_sizes': (64,), 'model__learning_rate_init': 0.001}",0.9166666666666666,0.6428571428571429,0.5,0.75,0.7692307692307693,0.7157509157509157,0.13875315725432355,4,0.7735849056603774,0.78,0.6181818181818182,0.7663551401869159,0.7547169811320755,0.7385677690322374,0.06077588638579091,RSI40_V2
0.03709664344787598,0.003901055618004445,0.005012941360473633,0.0021760767614533573,tanh,0.01,"(64,)",0.01,"{'model__activation': 'tanh', 'model__alpha': 0.01, 'model__hidden_layer_sizes': (64,), 'model__learning_rate_init': 0.01}",0.9166666666666666,0.6666666666666666,0.7407407407407407,0.5714285714285714,0.72,0.723100529100529,0.11311746419800596,1,0.78,0.8282828282828283,0.7777777777777778,0.875,0.8163265306122449,0.8154774273345702,0.03574226448762821,RSI40_V2
0.06775946617126465,0.0324519512090768,0.00948472023010254,0.005142179364428949,tanh,0.01,"(32, 16)",0.001,"{'model__activation': 'tanh', 'model__alpha': 0.01, 'model__hidden_layer_sizes': (32, 16), 'model__learning_rate_init': 0.001}",0.7741935483870968,0.6666666666666666,0.5,0.6153846153846154,0.4,0.5912489660876757,0.13010889297968187,25,0.6779661016949152,0.7368421052631579,0.5871559633027523,0.7818181818181819,0.6956521739130435,0.6958869051984101,0.06512317672895167,RSI40_V2
0.05869584083557129,0.010129350341542803,0.008166742324829102,0.002341254856772484,tanh,0.01,"(32, 16)",0.01,"{'model__activation': 'tanh', 'model__alpha': 0.01, 'model__hidden_layer_sizes': (32, 16), 'model__learning_rate_init': 0.01}",0.88,0.6451612903225806,0.75,0.6,0.5517241379310345,0.6853770856507231,0.11732337127021857,8,0.75,0.8269230769230769,0.75,0.7835051546391752,0.7017543859649122,0.7624365235054328,0.04145855482243776,RSI40_V2
0.03227963447570801,0.0026581066696772793,0.00655832290649414,0.002586746128799815,relu,0.0001,"(32,)",0.001,"{'model__activation': 'relu', 'model__alpha': 0.0001, 'model__hidden_layer_sizes': (32,), 'model__learning_rate_init': 0.001}",0.45161290322580644,0.4864864864864865,0.4,0.375,0.5625,0.45511987794245856,0.06630844501602493,34,0.4732824427480916,0.484375,0.49230769230769234,0.6259541984732825,0.5074626865671642,0.5166764040192462,0.05576159903898607,SMA20_50_200_V2
0.024796772003173827,0.0027258666905593497,0.003303194046020508,0.00013069693333727758,relu,0.0001,"(32,)",0.01,"{'model__activation': 'relu', 'model__alpha': 0.0001, 'model__hidden_layer_sizes': (32,), 'model__learning_rate_init': 0.01}",0.35714285714285715,0.6341463414634146,0.6153846153846154,0.4,0.5882352941176471,0.5189818216217069,0.11636230749552622,31,0.6466165413533834,0.6015037593984962,0.7619047619047619,0.6046511627906976,0.5223880597014925,0.6274128570297663,0.0783280768141929,SMA20_50_200_V2
0.03819198608398437,0.012762820595603526,0.004104232788085938,0.0005358607769559286,relu,0.0001,"(64,)",0.001,"{'model__activation': 'relu', 'model__alpha': 0.0001, 'model__hidden_layer_sizes': (64,), 'model__learning_rate_init': 0.001}",0.6666666666666666,0.6363636363636364,0.5853658536585366,0.5365853658536586,0.6818181818181818,0.621359940872136,0.053694156223589626,13,0.6590909090909091,0.6704545454545454,0.6551724137931034,0.6973684210526315,0.6358381502890174,0.6635848879360414,0.02024532697379896,SMA20_50_200_V2
0.04674239158630371,0.01806601298935098,0.0037088394165039062,0.0008001729320853816,relu,0.0001,"(64,)",0.01,"{'model__activation': 'relu', 'model__alpha': 0.0001, 'model__hidden_layer_sizes': (64,), 'model__learning_rate_init': 0.01}",0.5789473684210527,0.7272727272727273,0.45161290322580644,0.6046511627906976,0.7058823529411765,0.6136733029302921,0.09895271679692132,16,0.6419753086419753,0.6575342465753424,0.6277372262773723,0.6707317073170732,0.5454545454545454,0.6286866068532617,0.0440568808563064,SMA20_50_200_V2
0.027578353881835938,0.008292344509092806,0.004418277740478515,0.0015766401223029302,relu,0.0001,"(32, 16)",0.001,"{'model__activation': 'relu', 'model__alpha': 0.0001, 'model__hidden_layer_sizes': (32, 16), 'model__learning_rate_init': 0.001}",0.7083333333333334,0.7272727272727273,0.723404255319149,0.5945945945945946,0.7083333333333334,0.6923876487706275,0.049499514626522516,1,0.7127659574468085,0.7120418848167539,0.708994708994709,0.7083333333333334,0.7127659574468085,0.7109803684076826,0.0019210992430994552,SMA20_50_200_V2
0.02735109329223633,0.003687993261843859,0.004150247573852539,0.0017385102831297674,relu,0.0001,"(32, 16)",0.01,"{'model__activation': 'relu', 'model__alpha': 0.0001, 'model__hidden_layer_sizes': (32, 16), 'model__learning_rate_init': 0.01}",0.5405405405405406,0.7368421052631579,0.7142857142857143,0.47058823529411764,0.4666666666666667,0.5857846524100394,0.11733474819371424,22,0.8055555555555556,0.7407407407407407,0.7195121951219512,0.6811594202898551,0.5405405405405406,0.6975016904497287,0.0882423797560965,SMA20_50_200_V2
0.026164960861206055,0.004780822580396151,0.003254079818725586,7.228788410808848e-05,relu,0.001,"(32,)",0.001,"{'model__activation': 'relu', 'model__alpha': 0.001, 'model__hidden_layer_sizes': (32,), 'model__learning_rate_init': 0.001}",0.45161290322580644,0.4864864864864865,0.4,0.375,0.5625,0.45511987794245856,0.06630844501602493,34,0.4732824427480916,0.484375,0.49230769230769234,0.6259541984732825,0.5074626865671642,0.5166764040192462,0.05576159903898607,SMA20_50_200_V2
0.0259493350982666,0.003468273516789867,0.004100894927978516,0.0016435487122872972,relu,0.001,"(32,)",0.01,"{'model__activation': 'relu', 'model__alpha': 0.001, 'model__hidden_layer_sizes': (32,), 'model__learning_rate_init': 0.01}",0.35714285714285715,0.6341463414634146,0.6153846153846154,0.4,0.5882352941176471,0.5189818216217069,0.11636230749552622,31,0.6466165413533834,0.6015037593984962,0.7619047619047619,0.6046511627906976,0.5223880597014925,0.6274128570297663,0.0783280768141929,SMA20_50_200_V2
0.028406190872192382,0.00314660525866836,0.003934097290039062,0.0012756050075164013,relu,0.001,"(64,)",0.001,"{'model__activation': 'relu', 'model__alpha': 0.001, 'model__hidden_layer_sizes': (64,), 'model__learning_rate_init': 0.001}",0.6666666666666666,0.6363636363636364,0.5853658536585366,0.5365853658536586,0.6818181818181818,0.621359940872136,0.053694156223589626,13,0.6590909090909091,0.6704545454545454,0.6551724137931034,0.6973684210526315,0.6358381502890174,0.6635848879360414,0.02024532697379896,SMA20_50_200_V2
0.023426628112792967,0.002581054880314422,0.003242778778076172,7.79227494737955e-05,relu,0.001,"(64,)",0.01,"{'model__activation': 'relu', 'model__alpha': 0.001, 'model__hidden_layer_sizes': (64,), 'model__learning_rate_init': 0.01}",0.5789473684210527,0.7272727272727273,0.45161290322580644,0.6046511627906976,0.7058823529411765,0.6136733029302921,0.09895271679692132,16,0.6419753086419753,0.6575342465753424,0.6277372262773723,0.6707317073170732,0.5454545454545454,0.6286866068532617,0.0440568808563064,SMA20_50_200_V2
0.027394437789916994,0.0073058198210895365,0.003433418273925781,0.00026038969572044076,relu,0.001,"(32, 16)",0.001,"{'model__activation': 'relu', 'model__alpha': 0.001, 'model__hidden_layer_sizes': (32, 16), 'model__learning_rate_init': 0.001}",0.7083333333333334,0.7272727272727273,0.723404255319149,0.5945945945945946,0.7083333333333334,0.6923876487706275,0.049499514626522516,1,0.7127659574468085,0.7120418848167539,0.708994708994709,0.7034482758620689,0.7127659574468085,0.7100033569134298,0.0035610666278667012,SMA20_50_200_V2
0.033874225616455075,0.009456661084344772,0.003701591491699219,0.00040941305047173575,relu,0.001,"(32, 16)",0.01,"{'model__activation': 'relu', 'model__alpha': 0.001, 'model__hidden_layer_sizes': (32, 16), 'model__learning_rate_init': 0.01}",0.5405405405405406,0.7368421052631579,0.7142857142857143,0.47058823529411764,0.4666666666666667,0.5857846524100394,0.11733474819371424,22,0.8137931034482758,0.7407407407407407,0.7195121951219512,0.6811594202898551,0.5405405405405406,0.6991492000282727,0.0902973659183137,SMA20_50_200_V2
0.030307865142822264,0.007882681450622247,0.0048198699951171875,0.002814448913650527,relu,0.01,"(32,)",0.001,"{'model__activation': 'relu', 'model__alpha': 0.01, 'model__hidden_layer_sizes': (32,), 'model__learning_rate_init': 0.001}",0.45161290322580644,0.4864864864864865,0.4,0.375,0.5625,0.45511987794245856,0.06630844501602493,34,0.4732824427480916,0.484375,0.49230769230769234,0.6259541984732825,0.5074626865671642,0.5166764040192462,0.05576159903898607,SMA20_50_200_V2
0.04433598518371582,0.01595156574100909,0.006270122528076172,0.004127509818713916,relu,0.01,"(32,)",0.01,"{'model__activation': 'relu', 'model__alpha': 0.01, 'model__hidden_layer_sizes': (32,), 'model__learning_rate_init': 0.01}",0.35714285714285715,0.6341463414634146,0.6153846153846154,0.4,0.5882352941176471,0.5189818216217069,0.11636230749552622,31,0.6466165413533834,0.6015037593984962,0.7619047619047619,0.6046511627906976,0.5223880597014925,0.6274128570297663,0.0783280768141929,SMA20_50_200_V2
0.038183164596557614,0.007998680659613292,0.005075645446777344,0.0008677285820297351,relu,0.01,"(64,)",0.001,"{'model__activation': 'relu', 'model__alpha': 0.01, 'model__hidden_layer_sizes': (64,), 'model__learning_rate_init': 0.001}",0.6666666666666666,0.6363636363636364,0.5853658536585366,0.5365853658536586,0.6818181818181818,0.621359940872136,0.053694156223589626,13,0.6590909090909091,0.6704545454545454,0.6551724137931034,0.6973684210526315,0.6358381502890174,0.6635848879360414,0.02024532697379896,SMA20_50_200_V2
0.029421186447143553,0.005216884924664039,0.0036973476409912108,0.00020745657525109032,relu,0.01,"(64,)",0.01,"{'model__activation': 'relu', 'model__alpha': 0.01, 'model__hidden_layer_sizes': (64,), 'model__learning_rate_init': 0.01}",0.5789473684210527,0.7272727272727273,0.45161290322580644,0.6046511627906976,0.7058823529411765,0.6136733029302921,0.09895271679692132,16,0.6503067484662577,0.6575342465753424,0.6277372262773723,0.6707317073170732,0.5454545454545454,0.6303528948181183,0.04468109690721883,SMA20_50_200_V2
0.03219141960144043,0.009089900508287351,0.003839588165283203,0.0006036205778693854,relu,0.01,"(32, 16)",0.001,"{'model__activation': 'relu', 'model__alpha': 0.01, 'model__hidden_layer_sizes': (32, 16), 'model__learning_rate_init': 0.001}",0.7083333333333334,0.7272727272727273,0.723404255319149,0.5945945945945946,0.7083333333333334,0.6923876487706275,0.049499514626522516,1,0.7127659574468085,0.7120418848167539,0.708994708994709,0.7034482758620689,0.7127659574468085,0.7100033569134298,0.0035610666278667012,SMA20_50_200_V2
0.02684621810913086,0.0049257110958239305,0.004948139190673828,0.0030772939162861815,relu,0.01,"(32, 16)",0.01,"{'model__activation': 'relu', 'model__alpha': 0.01, 'model__hidden_layer_sizes': (32, 16), 'model__learning_rate_init': 0.01}",0.5405405405405406,0.7368421052631579,0.7142857142857143,0.47058823529411764,0.4666666666666667,0.5857846524100394,0.11733474819371424,22,0.8194444444444444,0.7453416149068323,0.7195121951219512,0.6811594202898551,0.5405405405405406,0.7011996430607248,0.09217228872826162,SMA20_50_200_V2
0.0297605037689209,0.0029665269490463785,0.0035160541534423827,0.0003539573691769774,tanh,0.0001,"(32,)",0.001,"{'model__activation': 'tanh', 'model__alpha': 0.0001, 'model__hidden_layer_sizes': (32,), 'model__learning_rate_init': 0.001}",0.4117647058823529,0.6,0.631578947368421,0.45161290322580644,0.6857142857142857,0.5561341684381732,0.1059946878291416,25,0.6713286713286714,0.5857142857142857,0.6575342465753424,0.6197183098591549,0.5945945945945946,0.6257780216144099,0.03375662505255085,SMA20_50_200_V2
0.023816728591918947,0.0019060183928900042,0.005042123794555664,0.0035829067779159438,tanh,0.0001,"(32,)",0.01,"{'model__activation': 'tanh', 'model__alpha': 0.0001, 'model__hidden_layer_sizes': (32,), 'model__learning_rate_init': 0.01}",0.5882352941176471,0.7727272727272727,0.7027027027027027,0.5,0.6666666666666666,0.6460663872428578,0.09418582533177636,7,0.8053691275167785,0.6344827586206897,0.7432432432432432,0.8111888111888111,0.7692307692307693,0.7527029419600584,0.06408274451587566,SMA20_50_200_V2
0.030736494064331054,0.014738858652444975,0.003395700454711914,0.0003564719784573214,tanh,0.0001,"(64,)",0.001,"{'model__activation': 'tanh', 'model__alpha': 0.0001, 'model__hidden_layer_sizes': (64,), 'model__learning_rate_init': 0.001}",0.5882352941176471,0.48484848484848486,0.6111111111111112,0.5405405405405406,0.47058823529411764,0.5390647331823804,0.05520694700694934,28,0.48951048951048953,0.4927536231884058,0.7814569536423841,0.5106382978723404,0.5416666666666666,0.5632052061760573,0.11068455232307578,SMA20_50_200_V2
0.038692140579223634,0.011497478741388041,0.0034401416778564453,0.0001590517485147797,tanh,0.0001,"(64,)",0.01,"{'model__activation': 'tanh', 'model__alpha': 0.0001, 'model__hidden_layer_sizes': (64,), 'model__learning_rate_init': 0.01}",0.5454545454545454,0.6666666666666666,0.6470588235294118,0.5,0.5882352941176471,0.5894830659536542,0.061999294711809975,19,0.75,0.5857142857142857,0.8356164383561644,0.7659574468085106,0.6351351351351351,0.7144846612028191,0.09106245249809568,SMA20_50_200_V2
0.02907414436340332,0.0068007063525769105,0.003374147415161133,0.0001573036857392182,tanh,0.0001,"(32, 16)",0.001,"{'model__activation': 'tanh', 'model__alpha': 0.0001, 'model__hidden_layer_sizes': (32, 16), 'model__learning_rate_init': 0.001}",0.6511627906976745,0.7368421052631579,0.5555555555555556,0.6808510638297872,0.65,0.654882303069235,0.05881370612075731,4,0.7483870967741936,0.6419753086419753,0.6282051282051282,0.7,0.6496815286624203,0.6736498124567434,0.04454877371465605,SMA20_50_200_V2
0.030558204650878905,0.003528333056884813,0.004134559631347656,0.0016282935031614902,tanh,0.0001,"(32, 16)",0.01,"{'model__activation': 'tanh', 'model__alpha': 0.0001, 'model__hidden_layer_sizes': (32, 16), 'model__learning_rate_init': 0.01}",0.5641025641025641,0.6341463414634146,0.6470588235294118,0.6666666666666666,0.7027027027027027,0.6429354196929519,0.045703762814791285,10,0.7432432432432432,0.7236842105263158,0.7612903225806451,0.7586206896551724,0.8194444444444444,0.7612565820899642,0.0320279249220304,SMA20_50_200_V2
0.0366058349609375,0.0075458663179695275,0.004904794692993164,0.0015332386431553926,tanh,0.001,"(32,)",0.001,"{'model__activation': 'tanh', 'model__alpha': 0.001, 'model__hidden_layer_sizes': (32,), 'model__learning_rate_init': 0.001}",0.4117647058823529,0.6,0.631578947368421,0.45161290322580644,0.6857142857142857,0.5561341684381732,0.1059946878291416,25,0.6713286713286714,0.5857142857142857,0.6575342465753424,0.6197183098591549,0.5945945945945946,0.6257780216144099,0.03375662505255085,SMA20_50_200_V2
0.026095104217529298,0.004313871027354954,0.004552650451660156,0.001395973469866966,tanh,0.001,"(32,)",0.01,"{'model__activation': 'tanh', 'model__alpha': 0.001, 'model__hidden_layer_sizes': (32,), 'model__learning_rate_init': 0.01}",0.5882352941176471,0.7727272727272727,0.7027027027027027,0.5,0.6666666666666666,0.6460663872428578,0.09418582533177636,7,0.8053691275167785,0.6344827586206897,0.7432432432432432,0.8111888111888111,0.7692307692307693,0.7527029419600584,0.06408274451587566,SMA20_50_200_V2
0.028809452056884767,0.011233972159567724,0.004941368103027343,0.0031379860282663785,tanh,0.001,"(64,)",0.001,"{'model__activation': 'tanh', 'model__alpha': 0.001, 'model__hidden_layer_sizes': (64,), 'model__learning_rate_init': 0.001}",0.5882352941176471,0.48484848484848486,0.6111111111111112,0.5405405405405406,0.47058823529411764,0.5390647331823804,0.05520694700694934,28,0.48951048951048953,0.4927536231884058,0.7814569536423841,0.5106382978723404,0.5416666666666666,0.5632052061760573,0.11068455232307578,SMA20_50_200_V2
0.030335235595703124,0.008947984548552957,0.004544734954833984,0.0026856740610189714,tanh,0.001,"(64,)",0.01,"{'model__activation': 'tanh', 'model__alpha': 0.001, 'model__hidden_layer_sizes': (64,), 'model__learning_rate_init': 0.01}",0.5454545454545454,0.6666666666666666,0.6470588235294118,0.5,0.5882352941176471,0.5894830659536542,0.061999294711809975,19,0.75,0.5857142857142857,0.8356164383561644,0.7659574468085106,0.6351351351351351,0.7144846612028191,0.09106245249809568,SMA20_50_200_V2
0.03148355484008789,0.009312287534804214,0.004135656356811524,0.0009883543938725907,tanh,0.001,"(32, 16)",0.001,"{'model__activation': 'tanh', 'model__alpha': 0.001, 'model__hidden_layer_sizes': (32, 16), 'model__learning_rate_init': 0.001}",0.6511627906976745,0.7368421052631579,0.5555555555555556,0.6808510638297872,0.65,0.654882303069235,0.05881370612075731,4,0.7483870967741936,0.6419753086419753,0.6282051282051282,0.7,0.6496815286624203,0.6736498124567434,0.04454877371465605,SMA20_50_200_V2
0.029410696029663085,0.003331538472876848,0.0034583091735839845,0.00020345308878390607,tanh,0.001,"(32, 16)",0.01,"{'model__activation': 'tanh', 'model__alpha': 0.001, 'model__hidden_layer_sizes': (32, 16), 'model__learning_rate_init': 0.01}",0.5641025641025641,0.6341463414634146,0.6470588235294118,0.6666666666666666,0.7027027027027027,0.6429354196929519,0.045703762814791285,10,0.7432432432432432,0.7236842105263158,0.7612903225806451,0.7586206896551724,0.8194444444444444,0.7612565820899642,0.0320279249220304,SMA20_50_200_V2
0.029110193252563477,0.0039684252464826835,0.004069042205810547,0.0012516247900756592,tanh,0.01,"(32,)",0.001,"{'model__activation': 'tanh', 'model__alpha': 0.01, 'model__hidden_layer_sizes': (32,), 'model__learning_rate_init': 0.001}",0.4117647058823529,0.6,0.631578947368421,0.45161290322580644,0.6857142857142857,0.5561341684381732,0.1059946878291416,25,0.6713286713286714,0.5857142857142857,0.6575342465753424,0.6197183098591549,0.5945945945945946,0.6257780216144099,0.03375662505255085,SMA20_50_200_V2
0.03371915817260742,0.012674241505719107,0.009112071990966798,0.010212096798340859,tanh,0.01,"(32,)",0.01,"{'model__activation': 'tanh', 'model__alpha': 0.01, 'model__hidden_layer_sizes': (32,), 'model__learning_rate_init': 0.01}",0.5882352941176471,0.7727272727272727,0.7027027027027027,0.5,0.6666666666666666,0.6460663872428578,0.09418582533177636,7,0.8053691275167785,0.6344827586206897,0.7432432432432432,0.8111888111888111,0.7692307692307693,0.7527029419600584,0.06408274451587566,SMA20_50_200_V2
0.045424270629882815,0.029171167193829603,0.004639244079589844,0.0014981251790728326,tanh,0.01,"(64,)",0.001,"{'model__activation': 'tanh', 'model__alpha': 0.01, 'model__hidden_layer_sizes': (64,), 'model__learning_rate_init': 0.001}",0.5882352941176471,0.48484848484848486,0.6111111111111112,0.5405405405405406,0.47058823529411764,0.5390647331823804,0.05520694700694934,28,0.48951048951048953,0.4927536231884058,0.7814569536423841,0.5106382978723404,0.5416666666666666,0.5632052061760573,0.11068455232307578,SMA20_50_200_V2
0.035771942138671874,0.0037610864625710243,0.004057836532592773,0.0006425921199762967,tanh,0.01,"(64,)",0.01,"{'model__activation': 'tanh', 'model__alpha': 0.01, 'model__hidden_layer_sizes': (64,), 'model__learning_rate_init': 0.01}",0.5454545454545454,0.6666666666666666,0.6470588235294118,0.5,0.5882352941176471,0.5894830659536542,0.061999294711809975,19,0.75,0.5857142857142857,0.8356164383561644,0.7746478873239436,0.6351351351351351,0.7162227493059057,0.0921052795911953,SMA20_50_200_V2
0.028206253051757814,0.00502190547050698,0.004785919189453125,0.0017939576387314506,tanh,0.01,"(32, 16)",0.001,"{'model__activation': 'tanh', 'model__alpha': 0.01, 'model__hidden_layer_sizes': (32, 16), 'model__learning_rate_init': 0.001}",0.6511627906976745,0.7368421052631579,0.5555555555555556,0.6808510638297872,0.65,0.654882303069235,0.05881370612075731,4,0.7483870967741936,0.6419753086419753,0.6282051282051282,0.7,0.6455696202531646,0.6728274307748923,0.045019114174736155,SMA20_50_200_V2
0.026667165756225585,0.0019420698006899645,0.00410757064819336,0.0013263199334921831,tanh,0.01,"(32, 16)",0.01,"{'model__activation': 'tanh', 'model__alpha': 0.01, 'model__hidden_layer_sizes': (32, 16), 'model__learning_rate_init': 0.01}",0.5641025641025641,0.6341463414634146,0.6470588235294118,0.6666666666666666,0.7027027027027027,0.6429354196929519,0.045703762814791285,10,0.7432432432432432,0.7236842105263158,0.7612903225806451,0.7586206896551724,0.8251748251748252,0.7624026582360403,0.03412356046799485,SMA20_50_200_V2
