mean_fit_time,std_fit_time,mean_score_time,std_score_time,param_model__max_depth,param_model__min_samples_leaf,param_model__min_samples_split,param_model__n_estimators,params,split0_test_score,split1_test_score,split2_test_score,split3_test_score,split4_test_score,mean_test_score,std_test_score,rank_test_score,split0_train_score,split1_train_score,split2_train_score,split3_train_score,split4_train_score,mean_train_score,std_train_score,strategy
0.12615504264831542,0.010283015280765787,0.0076331615447998045,0.0005871170744796367,,1,2,100,"{'model__max_depth': None, 'model__min_samples_leaf': 1, 'model__min_samples_split': 2, 'model__n_estimators': 100}",0.7142857142857143,0.9230769230769231,0.6666666666666666,0.5,0.6153846153846154,0.6838827838827839,0.13924040102642327,16,1.0,1.0,1.0,1.0,1.0,1.0,0.0,CloseSMA200_V2
0.2907297611236572,0.022868563794748546,0.013978052139282226,0.003294891038862424,,1,2,200,"{'model__max_depth': None, 'model__min_samples_leaf': 1, 'model__min_samples_split': 2, 'model__n_estimators': 200}",0.8,0.8571428571428571,0.6666666666666666,0.5,0.6153846153846154,0.6878388278388278,0.12823827933505083,14,1.0,1.0,1.0,1.0,1.0,1.0,0.0,CloseSMA200_V2
0.1326610565185547,0.011172375056375689,0.007657194137573242,0.0009052843001000332,,1,5,100,"{'model__max_depth': None, 'model__min_samples_leaf': 1, 'model__min_samples_split': 5, 'model__n_estimators': 100}",0.8,0.8571428571428571,0.6666666666666666,0.5,0.5714285714285714,0.6790476190476189,0.13426882703677798,22,1.0,1.0,1.0,1.0,1.0,1.0,0.0,CloseSMA200_V2
0.2644674777984619,0.02827215941913943,0.01301589012145996,0.0013090855034410547,,1,5,200,"{'model__max_depth': None, 'model__min_samples_leaf': 1, 'model__min_samples_split': 5, 'model__n_estimators': 200}",0.7142857142857143,0.8571428571428571,0.7142857142857143,0.5,0.6153846153846154,0.6802197802197802,0.11857952492497766,18,1.0,1.0,1.0,1.0,1.0,1.0,0.0,CloseSMA200_V2
0.1624297618865967,0.025291335530991856,0.013247108459472657,0.010497085650434298,,2,2,100,"{'model__max_depth': None, 'model__min_samples_leaf': 2, 'model__min_samples_split': 2, 'model__n_estimators': 100}",0.7142857142857143,0.9230769230769231,0.7692307692307693,0.6153846153846154,0.6666666666666666,0.7377289377289377,0.10574857480302496,1,1.0,1.0,1.0,1.0,1.0,1.0,0.0,CloseSMA200_V2
0.2835707187652588,0.03379898463345551,0.014694547653198243,0.005852313379386063,,2,2,200,"{'model__max_depth': None, 'model__min_samples_leaf': 2, 'model__min_samples_split': 2, 'model__n_estimators': 200}",0.7142857142857143,0.9230769230769231,0.7142857142857143,0.6153846153846154,0.6153846153846154,0.7164835164835165,0.11236767499924588,4,1.0,1.0,1.0,1.0,1.0,1.0,0.0,CloseSMA200_V2
0.14226131439208983,0.01789218889924637,0.009084320068359375,0.0021120385779827573,,2,5,100,"{'model__max_depth': None, 'model__min_samples_leaf': 2, 'model__min_samples_split': 5, 'model__n_estimators': 100}",0.7142857142857143,0.9230769230769231,0.7142857142857143,0.6153846153846154,0.5714285714285714,0.7076923076923076,0.12129797561799237,9,1.0,1.0,0.9803921568627451,1.0,1.0,0.996078431372549,0.007843137254901978,CloseSMA200_V2
0.24208836555480956,0.011137333251252815,0.014574718475341798,0.0027818932219894513,,2,5,200,"{'model__max_depth': None, 'model__min_samples_leaf': 2, 'model__min_samples_split': 5, 'model__n_estimators': 200}",0.7142857142857143,0.9230769230769231,0.7142857142857143,0.6153846153846154,0.6153846153846154,0.7164835164835165,0.11236767499924588,4,1.0,1.0,1.0,1.0,0.9811320754716981,0.9962264150943396,0.007547169811320753,CloseSMA200_V2
0.17778897285461426,0.02314961987893555,0.009520530700683594,0.0017040416367361474,5,1,2,100,"{'model__max_depth': 5, 'model__min_samples_leaf': 1, 'model__min_samples_split': 2, 'model__n_estimators': 100}",0.7142857142857143,0.8571428571428571,0.7142857142857143,0.5,0.6153846153846154,0.6802197802197802,0.11857952492497766,18,1.0,1.0,1.0,1.0,1.0,1.0,0.0,CloseSMA200_V2
0.34495744705200193,0.06001727564343061,0.014304161071777344,0.002837412780630012,5,1,2,200,"{'model__max_depth': 5, 'model__min_samples_leaf': 1, 'model__min_samples_split': 2, 'model__n_estimators': 200}",0.7142857142857143,0.8571428571428571,0.6666666666666666,0.5,0.6153846153846154,0.6706959706959708,0.11736711885458975,24,1.0,1.0,1.0,1.0,1.0,1.0,0.0,CloseSMA200_V2
0.13510465621948242,0.01767195505124463,0.008517169952392578,0.0013719097830679693,5,1,5,100,"{'model__max_depth': 5, 'model__min_samples_leaf': 1, 'model__min_samples_split': 5, 'model__n_estimators': 100}",0.8,0.8571428571428571,0.7142857142857143,0.5,0.5714285714285714,0.6885714285714286,0.13474086997201823,13,1.0,1.0,1.0,1.0,1.0,1.0,0.0,CloseSMA200_V2
0.291230583190918,0.022823469111315907,0.013395357131958007,0.0014993957532620633,5,1,5,200,"{'model__max_depth': 5, 'model__min_samples_leaf': 1, 'model__min_samples_split': 5, 'model__n_estimators': 200}",0.7142857142857143,0.8571428571428571,0.7142857142857143,0.5,0.6153846153846154,0.6802197802197802,0.11857952492497766,18,1.0,1.0,1.0,1.0,1.0,1.0,0.0,CloseSMA200_V2
0.1443000316619873,0.02017455388028805,0.00928497314453125,0.0015837842324502938,5,2,2,100,"{'model__max_depth': 5, 'model__min_samples_leaf': 2, 'model__min_samples_split': 2, 'model__n_estimators': 100}",0.7142857142857143,0.9230769230769231,0.7692307692307693,0.6153846153846154,0.6666666666666666,0.7377289377289377,0.10574857480302496,1,1.0,1.0,1.0,1.0,1.0,1.0,0.0,CloseSMA200_V2
0.30468478202819826,0.029491743033745542,0.013413333892822265,0.0026348438527768253,5,2,2,200,"{'model__max_depth': 5, 'model__min_samples_leaf': 2, 'model__min_samples_split': 2, 'model__n_estimators': 200}",0.7142857142857143,0.9230769230769231,0.7142857142857143,0.6153846153846154,0.6153846153846154,0.7164835164835165,0.11236767499924588,4,1.0,1.0,1.0,1.0,1.0,1.0,0.0,CloseSMA200_V2
0.1827622890472412,0.018575088961678986,0.015624332427978515,0.010142800113578336,5,2,5,100,"{'model__max_depth': 5, 'model__min_samples_leaf': 2, 'model__min_samples_split': 5, 'model__n_estimators': 100}",0.7142857142857143,0.9230769230769231,0.7142857142857143,0.6153846153846154,0.5714285714285714,0.7076923076923076,0.12129797561799237,9,1.0,1.0,0.9803921568627451,1.0,1.0,0.996078431372549,0.007843137254901978,CloseSMA200_V2
0.26918964385986327,0.01636641298894276,0.014959192276000977,0.003232619184352803,5,2,5,200,"{'model__max_depth': 5, 'model__min_samples_leaf': 2, 'model__min_samples_split': 5, 'model__n_estimators': 200}",0.7142857142857143,0.8571428571428571,0.7142857142857143,0.6153846153846154,0.6153846153846154,0.7032967032967032,0.08873243621180811,12,1.0,1.0,1.0,1.0,0.9811320754716981,0.9962264150943396,0.007547169811320753,CloseSMA200_V2
0.13740077018737792,0.013164347083145898,0.009734916687011718,0.0029654398606824466,10,1,2,100,"{'model__max_depth': 10, 'model__min_samples_leaf': 1, 'model__min_samples_split': 2, 'model__n_estimators': 100}",0.7142857142857143,0.9230769230769231,0.6666666666666666,0.5,0.6153846153846154,0.6838827838827839,0.13924040102642327,16,1.0,1.0,1.0,1.0,1.0,1.0,0.0,CloseSMA200_V2
0.2771634578704834,0.04181505100092902,0.0148193359375,0.0036724180716709767,10,1,2,200,"{'model__max_depth': 10, 'model__min_samples_leaf': 1, 'model__min_samples_split': 2, 'model__n_estimators': 200}",0.8,0.8571428571428571,0.6666666666666666,0.5,0.6153846153846154,0.6878388278388278,0.12823827933505083,14,1.0,1.0,1.0,1.0,1.0,1.0,0.0,CloseSMA200_V2
0.13812828063964844,0.008312163387201622,0.007811689376831054,0.0005068298229123056,10,1,5,100,"{'model__max_depth': 10, 'model__min_samples_leaf': 1, 'model__min_samples_split': 5, 'model__n_estimators': 100}",0.8,0.8571428571428571,0.6666666666666666,0.5,0.5714285714285714,0.6790476190476189,0.13426882703677798,22,1.0,1.0,1.0,1.0,1.0,1.0,0.0,CloseSMA200_V2
0.3023702144622803,0.04761094441156901,0.013504838943481446,0.002132762962134747,10,1,5,200,"{'model__max_depth': 10, 'model__min_samples_leaf': 1, 'model__min_samples_split': 5, 'model__n_estimators': 200}",0.7142857142857143,0.8571428571428571,0.7142857142857143,0.5,0.6153846153846154,0.6802197802197802,0.11857952492497766,18,1.0,1.0,1.0,1.0,1.0,1.0,0.0,CloseSMA200_V2
0.15266027450561523,0.015589325169236492,0.014127445220947266,0.006982966695360736,10,2,2,100,"{'model__max_depth': 10, 'model__min_samples_leaf': 2, 'model__min_samples_split': 2, 'model__n_estimators': 100}",0.7142857142857143,0.9230769230769231,0.7692307692307693,0.6153846153846154,0.6666666666666666,0.7377289377289377,0.10574857480302496,1,1.0,1.0,1.0,1.0,1.0,1.0,0.0,CloseSMA200_V2
0.28611316680908205,0.01873035958482769,0.018305015563964844,0.0037385335888596707,10,2,2,200,"{'model__max_depth': 10, 'model__min_samples_leaf': 2, 'model__min_samples_split': 2, 'model__n_estimators': 200}",0.7142857142857143,0.9230769230769231,0.7142857142857143,0.6153846153846154,0.6153846153846154,0.7164835164835165,0.11236767499924588,4,1.0,1.0,1.0,1.0,1.0,1.0,0.0,CloseSMA200_V2
0.15832095146179198,0.01749939534847505,0.008245086669921875,0.0003509683644135034,10,2,5,100,"{'model__max_depth': 10, 'model__min_samples_leaf': 2, 'model__min_samples_split': 5, 'model__n_estimators': 100}",0.7142857142857143,0.9230769230769231,0.7142857142857143,0.6153846153846154,0.5714285714285714,0.7076923076923076,0.12129797561799237,9,1.0,1.0,0.9803921568627451,1.0,1.0,0.996078431372549,0.007843137254901978,CloseSMA200_V2
0.2750889778137207,0.019698376531493342,0.013535118103027344,0.0035196370285897256,10,2,5,200,"{'model__max_depth': 10, 'model__min_samples_leaf': 2, 'model__min_samples_split': 5, 'model__n_estimators': 200}",0.7142857142857143,0.9230769230769231,0.7142857142857143,0.6153846153846154,0.6153846153846154,0.7164835164835165,0.11236767499924588,4,1.0,1.0,1.0,1.0,0.9811320754716981,0.9962264150943396,0.007547169811320753,CloseSMA200_V2
0.29143538475036623,0.09648423461480267,0.009429311752319336,0.0016175627416322176,,1,2,100,"{'model__max_depth': None, 'model__min_samples_leaf': 1, 'model__min_samples_split': 2, 'model__n_estimators': 100}",0.6451612903225806,0.6774193548387096,0.6896551724137931,0.5306122448979592,0.6296296296296297,0.6344955384205345,0.05623915583162036,24,1.0,1.0,1.0,1.0,1.0,1.0,0.0,SMA20_50_C2
0.45336265563964845,0.03467394149300022,0.013189411163330078,0.0017703322006477817,,1,2,200,"{'model__max_depth': None, 'model__min_samples_leaf': 1, 'model__min_samples_split': 2, 'model__n_estimators': 200}",0.6349206349206349,0.6984126984126984,0.6896551724137931,0.6666666666666666,0.6071428571428571,0.65935960591133,0.03411806171382436,20,1.0,1.0,1.0,1.0,1.0,1.0,0.0,SMA20_50_C2
0.2228722095489502,0.03678354724492733,0.009793233871459962,0.0026295542331924836,,1,5,100,"{'model__max_depth': None, 'model__min_samples_leaf': 1, 'model__min_samples_split': 5, 'model__n_estimators': 100}",0.6229508196721312,0.6774193548387096,0.711864406779661,0.6545454545454545,0.631578947368421,0.6596717966408756,0.0322582147309734,19,0.9953488372093023,1.0,1.0,1.0,1.0,0.9990697674418605,0.0018604651162790642,SMA20_50_C2
0.43934478759765627,0.014756848552971163,0.013712501525878907,0.002731472801630406,,1,5,200,"{'model__max_depth': None, 'model__min_samples_leaf': 1, 'model__min_samples_split': 5, 'model__n_estimators': 200}",0.6229508196721312,0.6774193548387096,0.711864406779661,0.6909090909090909,0.6551724137931034,0.6716632171985392,0.03054346636804645,9,1.0,1.0,1.0,1.0,1.0,1.0,0.0,SMA20_50_C2
0.213126277923584,0.054392515465885215,0.009991312026977539,0.002462252601944612,,2,2,100,"{'model__max_depth': None, 'model__min_samples_leaf': 2, 'model__min_samples_split': 2, 'model__n_estimators': 100}",0.6349206349206349,0.6666666666666666,0.7017543859649122,0.6296296296296297,0.6885245901639344,0.6642991814691556,0.028497173819400486,16,0.9953488372093023,1.0,1.0,0.9953051643192489,1.0,0.9981308003057101,0.0022893343962453257,SMA20_50_C2
0.375062370300293,0.014546333186217904,0.01507868766784668,0.006217238515295988,,2,2,200,"{'model__max_depth': None, 'model__min_samples_leaf': 2, 'model__min_samples_split': 2, 'model__n_estimators': 200}",0.65625,0.6984126984126984,0.711864406779661,0.6545454545454545,0.631578947368421,0.670530301421247,0.029875028531006195,12,1.0,1.0,1.0,1.0,1.0,1.0,0.0,SMA20_50_C2
0.19660215377807616,0.017859762529447893,0.00796809196472168,0.0007154122753508194,,2,5,100,"{'model__max_depth': None, 'model__min_samples_leaf': 2, 'model__min_samples_split': 5, 'model__n_estimators': 100}",0.6440677966101694,0.6666666666666666,0.6785714285714286,0.6296296296296297,0.631578947368421,0.6501028937692631,0.019408913307504053,21,0.9953488372093023,1.0,1.0,0.9953051643192489,1.0,0.9981308003057101,0.0022893343962453257,SMA20_50_C2
0.401971435546875,0.04786344028989213,0.021321678161621095,0.006740478946510285,,2,5,200,"{'model__max_depth': None, 'model__min_samples_leaf': 2, 'model__min_samples_split': 5, 'model__n_estimators': 200}",0.65625,0.6666666666666666,0.6896551724137931,0.6909090909090909,0.6666666666666666,0.6740295193312434,0.013810253272684484,6,0.9953488372093023,1.0,1.0,0.9953051643192489,1.0,0.9981308003057101,0.0022893343962453257,SMA20_50_C2
0.2454533576965332,0.0471392606271823,0.013205575942993163,0.00690705723572946,5,1,2,100,"{'model__max_depth': 5, 'model__min_samples_leaf': 1, 'model__min_samples_split': 2, 'model__n_estimators': 100}",0.6333333333333333,0.7096774193548387,0.7213114754098361,0.7017543859649122,0.7,0.6932153228125841,0.030871328191007835,1,0.9683257918552036,0.9683257918552036,0.9553571428571429,0.954954954954955,0.9473684210526315,0.9588664205150274,0.0082313789421665,SMA20_50_C2
0.3819112777709961,0.026596165791073042,0.016545724868774415,0.003839249028138951,5,1,2,200,"{'model__max_depth': 5, 'model__min_samples_leaf': 1, 'model__min_samples_split': 2, 'model__n_estimators': 200}",0.6129032258064516,0.6885245901639344,0.7213114754098361,0.7142857142857143,0.6885245901639344,0.6851099191659742,0.03846792486555855,2,0.963963963963964,0.981651376146789,0.9683257918552036,0.9596412556053812,0.9515418502202643,0.9650248475583204,0.009992371487178051,SMA20_50_C2
0.185302209854126,0.01206816387606954,0.010867071151733399,0.005819520168970502,5,1,5,100,"{'model__max_depth': 5, 'model__min_samples_leaf': 1, 'model__min_samples_split': 5, 'model__n_estimators': 100}",0.6229508196721312,0.65625,0.7213114754098361,0.6785714285714286,0.6666666666666666,0.6691500780640125,0.031989135782757194,14,0.9464285714285714,0.9596412556053812,0.9511111111111111,0.9375,0.9432314410480349,0.9475824758386195,0.007480437881866066,SMA20_50_C2
0.35907535552978515,0.04072851783591257,0.01245737075805664,0.0006557973005093586,5,1,5,200,"{'model__max_depth': 5, 'model__min_samples_leaf': 1, 'model__min_samples_split': 5, 'model__n_estimators': 200}",0.6229508196721312,0.6774193548387096,0.7213114754098361,0.6666666666666666,0.6440677966101694,0.6664832226395025,0.03323639984483077,15,0.9380530973451328,0.9727272727272728,0.963963963963964,0.9422222222222222,0.9391304347826087,0.9512193982082401,0.014321007740211002,SMA20_50_C2
0.18660187721252441,0.011319058353171789,0.010740518569946289,0.0024366409018062936,5,2,2,100,"{'model__max_depth': 5, 'model__min_samples_leaf': 2, 'model__min_samples_split': 2, 'model__n_estimators': 100}",0.6333333333333333,0.676923076923077,0.7333333333333333,0.6666666666666666,0.6666666666666666,0.6753846153846153,0.032498419523599706,5,0.9333333333333333,0.9636363636363636,0.9553571428571429,0.9333333333333333,0.9264069264069265,0.94241341991342,0.014415665665436684,SMA20_50_C2
0.35927739143371584,0.03803529135342342,0.01512446403503418,0.0039417109772470664,5,2,2,200,"{'model__max_depth': 5, 'model__min_samples_leaf': 2, 'model__min_samples_split': 2, 'model__n_estimators': 200}",0.5901639344262295,0.6984126984126984,0.7213114754098361,0.6909090909090909,0.6666666666666666,0.6734927731649043,0.045169127018291844,8,0.9464285714285714,0.981651376146789,0.9683257918552036,0.9411764705882353,0.9432314410480349,0.9561627302133668,0.016026048822460066,SMA20_50_C2
0.18548169136047363,0.021018974374620043,0.0087615966796875,0.0008081325444040915,5,2,5,100,"{'model__max_depth': 5, 'model__min_samples_leaf': 2, 'model__min_samples_split': 5, 'model__n_estimators': 100}",0.6333333333333333,0.676923076923077,0.7213114754098361,0.6785714285714286,0.6885245901639344,0.6797327808803219,0.02817174349392151,4,0.9375,0.9683257918552036,0.9511111111111111,0.9375,0.9344978165938864,0.9457869439120403,0.01265810173269903,SMA20_50_C2
0.3968313217163086,0.043434653468460836,0.016397953033447266,0.005565295347853119,5,2,5,200,"{'model__max_depth': 5, 'model__min_samples_leaf': 2, 'model__min_samples_split': 5, 'model__n_estimators': 200}",0.6129032258064516,0.71875,0.7213114754098361,0.6909090909090909,0.6666666666666666,0.682108091758409,0.039961840287075716,3,0.933920704845815,0.9727272727272728,0.9511111111111111,0.9369369369369369,0.9473684210526315,0.9484128893347534,0.013720651946635538,SMA20_50_C2
0.2061525821685791,0.01406718877042979,0.008220529556274414,0.0013459808375576158,10,1,2,100,"{'model__max_depth': 10, 'model__min_samples_leaf': 1, 'model__min_samples_split': 2, 'model__n_estimators': 100}",0.6461538461538462,0.6451612903225806,0.6666666666666666,0.6415094339622641,0.6296296296296297,0.6458241733469975,0.011965265128830165,22,1.0,1.0,1.0,1.0,1.0,1.0,0.0,SMA20_50_C2
0.4028144836425781,0.0437844733450632,0.01648268699645996,0.0059934214794221405,10,1,2,200,"{'model__max_depth': 10, 'model__min_samples_leaf': 1, 'model__min_samples_split': 2, 'model__n_estimators': 200}",0.625,0.6557377049180327,0.6666666666666666,0.6666666666666666,0.6071428571428571,0.6442427790788445,0.02401867416609243,23,1.0,1.0,1.0,1.0,1.0,1.0,0.0,SMA20_50_C2
0.2170400619506836,0.04562955554925771,0.00970911979675293,0.0020758913703460983,10,1,5,100,"{'model__max_depth': 10, 'model__min_samples_leaf': 1, 'model__min_samples_split': 5, 'model__n_estimators': 100}",0.6229508196721312,0.6774193548387096,0.711864406779661,0.6545454545454545,0.6428571428571429,0.6619274357386199,0.030564839116453826,18,0.9953488372093023,1.0,1.0,1.0,1.0,0.9990697674418605,0.0018604651162790642,SMA20_50_C2
0.36011266708374023,0.02001914831375311,0.013363122940063477,0.002217480707921466,10,1,5,200,"{'model__max_depth': 10, 'model__min_samples_leaf': 1, 'model__min_samples_split': 5, 'model__n_estimators': 200}",0.6451612903225806,0.6774193548387096,0.711864406779661,0.6666666666666666,0.6551724137931034,0.6712568264801442,0.023011767596179303,11,1.0,1.0,1.0,1.0,1.0,1.0,0.0,SMA20_50_C2
0.18430209159851074,0.010605215873413601,0.009069728851318359,0.0013077642605563596,10,2,2,100,"{'model__max_depth': 10, 'model__min_samples_leaf': 2, 'model__min_samples_split': 2, 'model__n_estimators': 100}",0.6363636363636364,0.6666666666666666,0.6896551724137931,0.6296296296296297,0.6885245901639344,0.662167939047532,0.025278699425292744,17,0.9953488372093023,1.0,1.0,0.9953051643192489,1.0,0.9981308003057101,0.0022893343962453257,SMA20_50_C2
0.33429608345031736,0.015100154290042724,0.013266229629516601,0.0019790915151567862,10,2,2,200,"{'model__max_depth': 10, 'model__min_samples_leaf': 2, 'model__min_samples_split': 2, 'model__n_estimators': 200}",0.6461538461538462,0.6984126984126984,0.6896551724137931,0.6666666666666666,0.6666666666666666,0.6735110100627342,0.018562502799355708,7,1.0,1.0,1.0,1.0,1.0,1.0,0.0,SMA20_50_C2
0.22152981758117676,0.04307144115334845,0.008476495742797852,0.0010487291563913272,10,2,5,100,"{'model__max_depth': 10, 'model__min_samples_leaf': 2, 'model__min_samples_split': 5, 'model__n_estimators': 100}",0.6451612903225806,0.6666666666666666,0.7017543859649122,0.6545454545454545,0.6779661016949152,0.6692187798389059,0.01967568989529311,13,0.9953488372093023,1.0,1.0,0.9953051643192489,1.0,0.9981308003057101,0.0022893343962453257,SMA20_50_C2
0.365541410446167,0.052630613730909506,0.014996719360351563,0.00502434677192076,10,2,5,200,"{'model__max_depth': 10, 'model__min_samples_leaf': 2, 'model__min_samples_split': 5, 'model__n_estimators': 200}",0.65625,0.6774193548387096,0.6896551724137931,0.6909090909090909,0.6440677966101694,0.6716602829543526,0.018581289980473464,10,0.9953488372093023,1.0,1.0,0.9953051643192489,1.0,0.9981308003057101,0.0022893343962453257,SMA20_50_C2
0.17893567085266113,0.037546213233493636,0.007966089248657226,0.0010919973665831167,,1,2,100,"{'model__max_depth': None, 'model__min_samples_leaf': 1, 'model__min_samples_split': 2, 'model__n_estimators': 100}",0.8,0.5833333333333334,0.75,0.7,0.6666666666666666,0.7,0.07378647873726218,10,1.0,1.0,1.0,1.0,1.0,1.0,0.0,RSI40_V2
0.2628365993499756,0.019956056248927066,0.01191558837890625,0.0009904479367067057,,1,2,200,"{'model__max_depth': None, 'model__min_samples_leaf': 1, 'model__min_samples_split': 2, 'model__n_estimators': 200}",0.8461538461538461,0.6153846153846154,0.72,0.7,0.6666666666666666,0.7096410256410256,0.0768987311900894,2,1.0,1.0,1.0,1.0,1.0,1.0,0.0,RSI40_V2
0.13570947647094728,0.00916200876886633,0.0076351165771484375,0.0006108951569347911,,1,5,100,"{'model__max_depth': None, 'model__min_samples_leaf': 1, 'model__min_samples_split': 5, 'model__n_estimators': 100}",0.8148148148148148,0.5833333333333334,0.75,0.7,0.6086956521739131,0.6913687600644123,0.08632212373417368,19,1.0,0.989247311827957,1.0,0.9894736842105263,1.0,0.9957441992076965,0.005212761746062606,RSI40_V2
0.2623779296875,0.020449443814634358,0.011545991897583008,0.001008900738275023,,1,5,200,"{'model__max_depth': None, 'model__min_samples_leaf': 1, 'model__min_samples_split': 5, 'model__n_estimators': 200}",0.8148148148148148,0.56,0.6923076923076923,0.7,0.6666666666666666,0.6867578347578347,0.08133381794579718,21,0.989247311827957,0.989247311827957,1.0,0.9894736842105263,1.0,0.9935936615732881,0.005231406498491209,RSI40_V2
0.1488506317138672,0.014761344100357213,0.008615636825561523,0.002641257830220771,,2,2,100,"{'model__max_depth': None, 'model__min_samples_leaf': 2, 'model__min_samples_split': 2, 'model__n_estimators': 100}",0.8148148148148148,0.5833333333333334,0.75,0.7,0.6666666666666666,0.7029629629629629,0.07792402476205008,8,0.989247311827957,0.989247311827957,0.989247311827957,0.9894736842105263,0.989247311827957,0.9892925863044709,9.05489530277137e-05,RSI40_V2
0.2612039089202881,0.012376799417169614,0.011674070358276367,0.001383820930169663,,2,2,200,"{'model__max_depth': None, 'model__min_samples_leaf': 2, 'model__min_samples_split': 2, 'model__n_estimators': 200}",0.8148148148148148,0.6153846153846154,0.6923076923076923,0.7,0.6666666666666666,0.6978347578347578,0.06555767896309815,12,0.9782608695652174,0.9787234042553191,0.989247311827957,0.9894736842105263,0.9782608695652174,0.9827932278848474,0.005365290383837828,RSI40_V2
0.1469031810760498,0.016643113865233147,0.007872247695922851,0.0009415991161839144,,2,5,100,"{'model__max_depth': None, 'model__min_samples_leaf': 2, 'model__min_samples_split': 5, 'model__n_estimators': 100}",0.8148148148148148,0.6086956521739131,0.75,0.7,0.6666666666666666,0.7080354267310789,0.07043748480782899,4,0.967741935483871,0.9787234042553191,0.9782608695652174,0.9791666666666666,0.967741935483871,0.9743269622909889,0.005384277536175651,RSI40_V2
0.25730290412902834,0.0218216077922799,0.01223440170288086,0.0018237682954142063,,2,5,200,"{'model__max_depth': None, 'model__min_samples_leaf': 2, 'model__min_samples_split': 5, 'model__n_estimators': 200}",0.8148148148148148,0.6153846153846154,0.6923076923076923,0.7,0.6666666666666666,0.6978347578347578,0.06555767896309815,12,0.967741935483871,0.968421052631579,0.9787234042553191,0.9791666666666666,0.9782608695652174,0.9744627857205306,0.005222588893784701,RSI40_V2
0.17034535408020018,0.023004622426715433,0.00792832374572754,0.0008694117704448591,5,1,2,100,"{'model__max_depth': 5, 'model__min_samples_leaf': 1, 'model__min_samples_split': 2, 'model__n_estimators': 100}",0.7692307692307693,0.5925925925925926,0.75,0.7,0.6666666666666666,0.6956980056980057,0.06300448541255453,17,1.0,1.0,1.0,0.9894736842105263,1.0,0.9978947368421054,0.004210526315789487,RSI40_V2
0.28653903007507325,0.03514639525680581,0.011382865905761718,0.0005839841515884423,5,1,2,200,"{'model__max_depth': 5, 'model__min_samples_leaf': 1, 'model__min_samples_split': 2, 'model__n_estimators': 200}",0.7857142857142857,0.56,0.72,0.7,0.6666666666666666,0.6864761904761905,0.07422072859577691,23,0.989247311827957,1.0,1.0,0.9894736842105263,1.0,0.9957441992076965,0.005212761746062606,RSI40_V2
0.14936528205871583,0.011839003332306952,0.010844564437866211,0.004640402127577942,5,1,5,100,"{'model__max_depth': 5, 'model__min_samples_leaf': 1, 'model__min_samples_split': 5, 'model__n_estimators': 100}",0.8148148148148148,0.6153846153846154,0.72,0.7,0.6666666666666666,0.7033732193732194,0.0660248787669943,7,0.967741935483871,0.9787234042553191,0.989247311827957,0.9791666666666666,1.0,0.9829758636467627,0.010897873559958528,RSI40_V2
0.3002732753753662,0.03431372944362444,0.011017990112304688,0.00034438882984762686,5,1,5,200,"{'model__max_depth': 5, 'model__min_samples_leaf': 1, 'model__min_samples_split': 5, 'model__n_estimators': 200}",0.7857142857142857,0.56,0.6923076923076923,0.7,0.6666666666666666,0.6809377289377289,0.07252636843796462,24,0.967741935483871,0.9787234042553191,0.9787234042553191,0.9791666666666666,0.989247311827957,0.9787205444978266,0.0068050235510241155,RSI40_V2
0.12279868125915527,0.006428235187856847,0.007416582107543946,0.0005071610649356709,5,2,2,100,"{'model__max_depth': 5, 'model__min_samples_leaf': 2, 'model__min_samples_split': 2, 'model__n_estimators': 100}",0.8148148148148148,0.6956521739130435,0.72,0.7,0.6666666666666666,0.7194267310789051,0.050646751133104836,1,0.967741935483871,0.9574468085106383,0.967741935483871,0.9791666666666666,0.989247311827957,0.9722689315946008,0.010922699892994275,RSI40_V2
0.26172409057617185,0.027463505807435992,0.012823867797851562,0.002745288249446117,5,2,2,200,"{'model__max_depth': 5, 'model__min_samples_leaf': 2, 'model__min_samples_split': 2, 'model__n_estimators': 200}",0.8148148148148148,0.56,0.72,0.7,0.6666666666666666,0.6922962962962964,0.08245825314460525,18,0.967741935483871,0.9787234042553191,0.967741935483871,0.9791666666666666,0.9782608695652174,0.974326962290989,0.005384277536175651,RSI40_V2
0.17093267440795898,0.019724322151249137,0.00951228141784668,0.003555676457118786,5,2,5,100,"{'model__max_depth': 5, 'model__min_samples_leaf': 2, 'model__min_samples_split': 5, 'model__n_estimators': 100}",0.8148148148148148,0.6363636363636364,0.72,0.7,0.6666666666666666,0.7075690235690236,0.06075638073484736,6,0.967741935483871,0.946236559139785,0.9782608695652174,0.9791666666666666,0.967741935483871,0.9678295932678822,0.011862674648426797,RSI40_V2
0.24703555107116698,0.019704557541967205,0.013281822204589844,0.004202824797158245,5,2,5,200,"{'model__max_depth': 5, 'model__min_samples_leaf': 2, 'model__min_samples_split': 5, 'model__n_estimators': 200}",0.8148148148148148,0.6153846153846154,0.6923076923076923,0.7,0.6666666666666666,0.6978347578347578,0.06555767896309815,12,0.967741935483871,0.9574468085106383,0.967741935483871,0.9791666666666666,0.967741935483871,0.9679678563257836,0.0068739933206262704,RSI40_V2
0.1554652214050293,0.023470574086522464,0.009527349472045898,0.0017243892261789074,10,1,2,100,"{'model__max_depth': 10, 'model__min_samples_leaf': 1, 'model__min_samples_split': 2, 'model__n_estimators': 100}",0.8,0.5833333333333334,0.75,0.7,0.6666666666666666,0.7,0.07378647873726218,10,1.0,1.0,1.0,1.0,1.0,1.0,0.0,RSI40_V2
0.2586805820465088,0.012172787621952966,0.011775350570678711,0.0007108610341867392,10,1,2,200,"{'model__max_depth': 10, 'model__min_samples_leaf': 1, 'model__min_samples_split': 2, 'model__n_estimators': 200}",0.8461538461538461,0.6153846153846154,0.72,0.7,0.6666666666666666,0.7096410256410256,0.0768987311900894,2,1.0,1.0,1.0,1.0,1.0,1.0,0.0,RSI40_V2
0.14633054733276368,0.017500562867567893,0.007511806488037109,0.0005370655544852978,10,1,5,100,"{'model__max_depth': 10, 'model__min_samples_leaf': 1, 'model__min_samples_split': 5, 'model__n_estimators': 100}",0.8148148148148148,0.5833333333333334,0.75,0.7,0.6086956521739131,0.6913687600644123,0.08632212373417368,19,1.0,0.989247311827957,1.0,0.9894736842105263,1.0,0.9957441992076965,0.005212761746062606,RSI40_V2
0.27474751472473147,0.04728100102223753,0.011194419860839844,0.000834467784332079,10,1,5,200,"{'model__max_depth': 10, 'model__min_samples_leaf': 1, 'model__min_samples_split': 5, 'model__n_estimators': 200}",0.8148148148148148,0.56,0.6923076923076923,0.7,0.6666666666666666,0.6867578347578347,0.08133381794579718,21,0.989247311827957,0.989247311827957,1.0,0.9894736842105263,1.0,0.9935936615732881,0.005231406498491209,RSI40_V2
0.12945518493652344,0.007730549756859252,0.007759714126586914,0.0007164253463009906,10,2,2,100,"{'model__max_depth': 10, 'model__min_samples_leaf': 2, 'model__min_samples_split': 2, 'model__n_estimators': 100}",0.8148148148148148,0.5833333333333334,0.75,0.7,0.6666666666666666,0.7029629629629629,0.07792402476205008,8,0.989247311827957,0.989247311827957,0.989247311827957,0.9894736842105263,0.989247311827957,0.9892925863044709,9.05489530277137e-05,RSI40_V2
0.2636824607849121,0.016794775374620426,0.013165283203125,0.002967693415448547,10,2,2,200,"{'model__max_depth': 10, 'model__min_samples_leaf': 2, 'model__min_samples_split': 2, 'model__n_estimators': 200}",0.8148148148148148,0.6153846153846154,0.6923076923076923,0.7,0.6666666666666666,0.6978347578347578,0.06555767896309815,12,0.9782608695652174,0.9787234042553191,0.989247311827957,0.9894736842105263,0.9782608695652174,0.9827932278848474,0.005365290383837828,RSI40_V2
0.12952184677124023,0.01096046888917226,0.00716242790222168,0.0001378535812018962,10,2,5,100,"{'model__max_depth': 10, 'model__min_samples_leaf': 2, 'model__min_samples_split': 5, 'model__n_estimators': 100}",0.8148148148148148,0.6086956521739131,0.75,0.7,0.6666666666666666,0.7080354267310789,0.07043748480782899,4,0.967741935483871,0.9787234042553191,0.9782608695652174,0.9791666666666666,0.967741935483871,0.9743269622909889,0.005384277536175651,RSI40_V2
0.2683603286743164,0.01562663403526605,0.013189125061035156,0.00223673394216739,10,2,5,200,"{'model__max_depth': 10, 'model__min_samples_leaf': 2, 'model__min_samples_split': 5, 'model__n_estimators': 200}",0.8148148148148148,0.6153846153846154,0.6923076923076923,0.7,0.6666666666666666,0.6978347578347578,0.06555767896309815,12,0.967741935483871,0.968421052631579,0.9787234042553191,0.9791666666666666,0.9782608695652174,0.9744627857205306,0.005222588893784701,RSI40_V2
0.18428611755371094,0.014358566192229713,0.008156728744506837,0.00020488480307238898,,1,2,100,"{'model__max_depth': None, 'model__min_samples_leaf': 1, 'model__min_samples_split': 2, 'model__n_estimators': 100}",0.4666666666666667,0.6666666666666666,0.6666666666666666,0.6060606060606061,0.631578947368421,0.6075279106858054,0.07405036169110682,19,1.0,1.0,1.0,1.0,1.0,1.0,0.0,SMA20_50_200_V2
0.3702406883239746,0.0967621444872679,0.012245941162109374,0.0009412339794152064,,1,2,200,"{'model__max_depth': None, 'model__min_samples_leaf': 1, 'model__min_samples_split': 2, 'model__n_estimators': 200}",0.5333333333333333,0.6818181818181818,0.6666666666666666,0.6285714285714286,0.6486486486486487,0.6318076518076519,0.052359311957453705,9,1.0,1.0,1.0,1.0,1.0,1.0,0.0,SMA20_50_200_V2
0.15119585990905762,0.017370643867078407,0.008904838562011718,0.002313430474008931,,1,5,100,"{'model__max_depth': None, 'model__min_samples_leaf': 1, 'model__min_samples_split': 5, 'model__n_estimators': 100}",0.42424242424242425,0.6818181818181818,0.6470588235294118,0.6060606060606061,0.6486486486486487,0.6015657368598545,0.09185928095274351,23,1.0,1.0,1.0,1.0,1.0,1.0,0.0,SMA20_50_200_V2
0.35266542434692383,0.04997338511132885,0.01200723648071289,0.0010523604653557177,,1,5,200,"{'model__max_depth': None, 'model__min_samples_leaf': 1, 'model__min_samples_split': 5, 'model__n_estimators': 200}",0.45161290322580644,0.7272727272727273,0.6060606060606061,0.6111111111111112,0.717948717948718,0.6228012131237939,0.09968920583355062,17,1.0,1.0,1.0,1.0,1.0,1.0,0.0,SMA20_50_200_V2
0.1731853485107422,0.011053467045364819,0.010677957534790039,0.003234585157395198,,2,2,100,"{'model__max_depth': None, 'model__min_samples_leaf': 2, 'model__min_samples_split': 2, 'model__n_estimators': 100}",0.6486486486486487,0.6818181818181818,0.625,0.5454545454545454,0.631578947368421,0.6265000646579594,0.045049029480023955,14,1.0,1.0,1.0,1.0,1.0,1.0,0.0,SMA20_50_200_V2
0.3125587463378906,0.008405638534334178,0.011442470550537109,0.0006131071123093441,,2,2,200,"{'model__max_depth': None, 'model__min_samples_leaf': 2, 'model__min_samples_split': 2, 'model__n_estimators': 200}",0.5555555555555556,0.7111111111111111,0.6857142857142857,0.6060606060606061,0.717948717948718,0.6552780552780553,0.06377811609757784,4,1.0,1.0,1.0,1.0,1.0,1.0,0.0,SMA20_50_200_V2
0.14811954498291016,0.014105330829075209,0.007790708541870117,0.00028127494290746,,2,5,100,"{'model__max_depth': None, 'model__min_samples_leaf': 2, 'model__min_samples_split': 5, 'model__n_estimators': 100}",0.5714285714285714,0.6818181818181818,0.6857142857142857,0.5625,0.6486486486486487,0.6300219375219375,0.05314854190782579,10,1.0,1.0,1.0,1.0,1.0,1.0,0.0,SMA20_50_200_V2
0.353895902633667,0.03602769130386912,0.01745891571044922,0.006899250293538813,,2,5,200,"{'model__max_depth': None, 'model__min_samples_leaf': 2, 'model__min_samples_split': 5, 'model__n_estimators': 200}",0.6666666666666666,0.7111111111111111,0.6060606060606061,0.6285714285714286,0.6842105263157895,0.6593240677451203,0.037783246568997585,3,1.0,1.0,1.0,1.0,1.0,1.0,0.0,SMA20_50_200_V2
0.17797532081604003,0.03935592722697578,0.008768463134765625,0.0014916455057426207,5,1,2,100,"{'model__max_depth': 5, 'model__min_samples_leaf': 1, 'model__min_samples_split': 2, 'model__n_estimators': 100}",0.45714285714285713,0.6818181818181818,0.5882352941176471,0.5714285714285714,0.631578947368421,0.5860407703751358,0.0749400326057425,24,1.0,0.9927007299270073,1.0,0.9855072463768116,1.0,0.9956415952607639,0.00580242693751404,SMA20_50_200_V2
0.2933163642883301,0.031782967410079195,0.01173229217529297,0.0008147377800889878,5,1,2,200,"{'model__max_depth': 5, 'model__min_samples_leaf': 1, 'model__min_samples_split': 2, 'model__n_estimators': 200}",0.5882352941176471,0.7111111111111111,0.6060606060606061,0.5714285714285714,0.6666666666666666,0.6287004498769204,0.05227429602019405,13,1.0,1.0,1.0,0.9855072463768116,1.0,0.9971014492753623,0.005797101449275343,SMA20_50_200_V2
0.1528998374938965,0.008019648527698703,0.009001827239990235,0.0020924261101839723,5,1,5,100,"{'model__max_depth': 5, 'model__min_samples_leaf': 1, 'model__min_samples_split': 5, 'model__n_estimators': 100}",0.5,0.6818181818181818,0.6285714285714286,0.5945945945945946,0.6153846153846154,0.6040737640737641,0.05948692030376287,21,0.9784172661870504,0.9927007299270073,1.0,0.9855072463768116,1.0,0.9913250484981738,0.008400711067836904,SMA20_50_200_V2
0.28394060134887694,0.0344895783592998,0.011940431594848634,0.001231384672492199,5,1,5,200,"{'model__max_depth': 5, 'model__min_samples_leaf': 1, 'model__min_samples_split': 5, 'model__n_estimators': 200}",0.5142857142857142,0.7111111111111111,0.6060606060606061,0.5714285714285714,0.6666666666666666,0.613910533910534,0.06931465204464908,18,0.9714285714285714,0.9927007299270073,1.0,0.9855072463768116,1.0,0.989927309546478,0.010699068341970834,SMA20_50_200_V2
0.15489916801452636,0.01643448842486858,0.008151769638061523,0.0021342478113294213,5,2,2,100,"{'model__max_depth': 5, 'model__min_samples_leaf': 2, 'model__min_samples_split': 2, 'model__n_estimators': 100}",0.6,0.6976744186046512,0.6285714285714286,0.6111111111111112,0.631578947368421,0.6337871811311224,0.033968918862552794,8,0.9714285714285714,0.9927007299270073,1.0,0.9855072463768116,1.0,0.989927309546478,0.010699068341970834,SMA20_50_200_V2
0.2974417686462402,0.03235709817681343,0.01337881088256836,0.004540942673315891,5,2,2,200,"{'model__max_depth': 5, 'model__min_samples_leaf': 2, 'model__min_samples_split': 2, 'model__n_estimators': 200}",0.631578947368421,0.7111111111111111,0.6470588235294118,0.6111111111111112,0.6666666666666666,0.6535053319573443,0.03409175940445238,5,0.9855072463768116,0.9927007299270073,1.0,0.9855072463768116,1.0,0.992743044536126,0.00648139098867088,SMA20_50_200_V2
0.13562264442443847,0.00640369881537792,0.007484722137451172,0.0005259254765635303,5,2,5,100,"{'model__max_depth': 5, 'model__min_samples_leaf': 2, 'model__min_samples_split': 5, 'model__n_estimators': 100}",0.6341463414634146,0.6818181818181818,0.6285714285714286,0.5714285714285714,0.631578947368421,0.6295086941300034,0.035032143363490184,12,0.9645390070921985,0.9927007299270073,1.0,0.9855072463768116,1.0,0.9885493966792035,0.013154616582302143,SMA20_50_200_V2
0.2822280406951904,0.020884789251391915,0.013865518569946288,0.0034915513381930776,5,2,5,200,"{'model__max_depth': 5, 'model__min_samples_leaf': 2, 'model__min_samples_split': 5, 'model__n_estimators': 200}",0.631578947368421,0.7111111111111111,0.6857142857142857,0.6666666666666666,0.6842105263157895,0.6758563074352547,0.026286148455110903,1,0.9855072463768116,0.9927007299270073,1.0,0.9855072463768116,1.0,0.992743044536126,0.00648139098867088,SMA20_50_200_V2
0.1522221088409424,0.012887735158535807,0.00950775146484375,0.0030762999077543944,10,1,2,100,"{'model__max_depth': 10, 'model__min_samples_leaf': 1, 'model__min_samples_split': 2, 'model__n_estimators': 100}",0.45161290322580644,0.6511627906976745,0.6285714285714286,0.6470588235294118,0.631578947368421,0.6019969786785484,0.07568951227391693,22,1.0,1.0,1.0,1.0,1.0,1.0,0.0,SMA20_50_200_V2
0.2838484764099121,0.01572123141012964,0.011614131927490234,0.0008196814577531644,10,1,2,200,"{'model__max_depth': 10, 'model__min_samples_leaf': 1, 'model__min_samples_split': 2, 'model__n_estimators': 200}",0.5161290322580645,0.6818181818181818,0.6285714285714286,0.6111111111111112,0.6842105263157895,0.6243680560149151,0.061303734632385344,15,1.0,1.0,1.0,1.0,1.0,1.0,0.0,SMA20_50_200_V2
0.1903989315032959,0.03161786457147406,0.013508224487304687,0.011205758613504526,10,1,5,100,"{'model__max_depth': 10, 'model__min_samples_leaf': 1, 'model__min_samples_split': 5, 'model__n_estimators': 100}",0.42424242424242425,0.6666666666666666,0.6857142857142857,0.6060606060606061,0.6486486486486487,0.6062665262665263,0.09475144733464584,20,1.0,1.0,1.0,1.0,1.0,1.0,0.0,SMA20_50_200_V2
0.2791725158691406,0.014700234783683772,0.011942481994628907,0.001034919711586273,10,1,5,200,"{'model__max_depth': 10, 'model__min_samples_leaf': 1, 'model__min_samples_split': 5, 'model__n_estimators': 200}",0.4375,0.7272727272727273,0.6060606060606061,0.6285714285714286,0.717948717948718,0.623470695970696,0.1045133358025416,16,1.0,1.0,1.0,1.0,1.0,1.0,0.0,SMA20_50_200_V2
0.14798531532287598,0.015909729671644494,0.009489679336547851,0.0011645469488024878,10,2,2,100,"{'model__max_depth': 10, 'model__min_samples_leaf': 2, 'model__min_samples_split': 2, 'model__n_estimators': 100}",0.6486486486486487,0.6818181818181818,0.6666666666666666,0.5454545454545454,0.631578947368421,0.6348333979912926,0.04777229068442488,7,1.0,1.0,1.0,1.0,1.0,1.0,0.0,SMA20_50_200_V2
0.3384121894836426,0.04756135036676313,0.015191888809204102,0.0027656919814040867,10,2,2,200,"{'model__max_depth': 10, 'model__min_samples_leaf': 2, 'model__min_samples_split': 2, 'model__n_estimators': 200}",0.5555555555555556,0.7111111111111111,0.6470588235294118,0.5882352941176471,0.717948717948718,0.6439819004524887,0.06467424689855256,6,1.0,1.0,1.0,1.0,1.0,1.0,0.0,SMA20_50_200_V2
0.1445237636566162,0.0071769148707885345,0.00742807388305664,0.0005480202268655171,10,2,5,100,"{'model__max_depth': 10, 'model__min_samples_leaf': 2, 'model__min_samples_split': 5, 'model__n_estimators': 100}",0.5714285714285714,0.6818181818181818,0.6857142857142857,0.5625,0.6486486486486487,0.6300219375219375,0.05314854190782579,10,1.0,1.0,1.0,1.0,1.0,1.0,0.0,SMA20_50_200_V2
0.28327207565307616,0.017485526684768396,0.011965608596801758,0.0007417225921969938,10,2,5,200,"{'model__max_depth': 10, 'model__min_samples_leaf': 2, 'model__min_samples_split': 5, 'model__n_estimators': 200}",0.6666666666666666,0.7111111111111111,0.6060606060606061,0.6285714285714286,0.717948717948718,0.6660717060717061,0.04410834225595162,2,1.0,1.0,1.0,1.0,1.0,1.0,0.0,SMA20_50_200_V2
